comments,keywords
: BLG 3:0 虐菜屠殺局    十點前沒結束算G2贏,"[':', ' ', 'BLG', ' ', '3', ':', '0', ' ', '虐菜', '屠殺局', ' ', ' ', ' ', ' ', '十點', '前', '沒', '結束', '算', 'G2', '贏']"
: G2會贏,"[':', ' ', 'G2', '會贏']"
: G2會贏，只要贏一把就是G2的巨大勝利,"[':', ' ', 'G2', '會贏', '，', '只要', '贏', '一把', '就是', 'G2', '的', '巨大', '勝利']"
: g2 打滿bo5算贏,"[':', ' ', 'g2', ' ', '打滿', 'bo5', '算贏']"
: G2加油點 我把這個月抽輪椅的一單下在你們身上了,"[':', ' ', 'G2', '加油', '點', ' ', '我', '把', '這個', '月', '抽輪椅', '的', '一單', '下', '在', '你', '們', '身上', '了']"
: 應該是MAD太爛 不是G2強,"[':', ' ', '應該', '是', 'MAD', '太爛', ' ', '不是', 'G2', '強']"
: 都打幾個bo5了 還想爆冷喔 BLG最多搞笑一場,"[':', ' ', '都', '打', '幾個', 'bo5', '了', ' ', '還想', '爆冷', '喔', ' ', 'BLG', '最多', '搞笑', '一場']"
: Let's Go G2,"[':', ' ', 'Let', ""'"", 's', ' ', 'Go', ' ', 'G2']"
: G2加油,"[':', ' ', 'G2', '加油']"
: lets go G2,"[':', ' ', 'lets', ' ', 'go', ' ', 'G2']"
: 希望G2至少能拿下一場,"[':', ' ', '希望', 'G2', '至少', '能', '拿下', '一場']"
: 在入圍賽沒碰到我們算BLG好運 他們不必浪費生命陪玩,"[':', ' ', '在', '入', '圍賽', '沒', '碰到', '我們', '算', 'BLG', '好運', ' ', '他們', '不必', '浪費', '生命', '陪', '玩']"
: G2贏一場算贏,"[':', ' ', 'G2', '贏一場', '算贏']"
: 歐美最後機會了,"[':', ' ', '歐美', '最後機會', '了']"
: Let's Go G2,"[':', ' ', 'Let', ""'"", 's', ' ', 'Go', ' ', 'G2']"
: 老實說偷一場就很棒了,"[':', ' ', '老實', '說', '偷', '一場', '就', '很棒', '了']"
: 歐洲就專門送冠軍給LPL的,"[':', ' ', '歐洲', '就', '專門', '送', '冠軍給', 'LPL', '的']"
: 是說今天沒有樂透ㄇ,"[':', ' ', '是', '說', '今天', '沒有', '樂透', 'ㄇ']"
: 請問最後的勝部冠軍有輸一次BO的機會嗎??,"[':', ' ', '請問', '最', '後', '的', '勝部', '冠軍有', '輸', '一次', 'BO', '的', '機會', '嗎', '?', '?']"
: 回19樓 沒有 雖然不知道你是認真問還是來亂,"[':', ' ', '回', '19', '樓', ' ', '沒有', ' ', '雖然', '不', '知道', '你', '是', '認真問', '還是', '來', '亂']"
: 0,"[':', ' ', '0']"
: 因為有些賽制 敗部要贏兩次,"[':', ' ', '因為', '有些', '賽制', ' ', '敗部要', '贏兩次']"
: 希望ELK的發揮和前天打JDG一樣好,"[':', ' ', '希望', 'ELK', '的', '發揮', '和', '前天', '打', 'JDG', '一樣', '好']"
: 拳頭在MSI預告片說過 這個就是完全雙敗 不接受反駁,"[':', ' ', '拳頭', '在', 'MSI', '預告片', '說過', ' ', '這個', '就是', '完全', '雙敗', ' ', '不', '接受', '反駁']"
: 能拿一場就算雞兔贏了吧,"[':', ' ', '能', '拿', '一場', '就算', '雞', '兔贏', '了', '吧']"
: BLG虐這些爛賽區還是隨便虐  雖然WBG TES EDG比較強,"[':', ' ', 'BLG', '虐', '這些', '爛賽區', '還是', '隨便', '虐', ' ', ' ', '雖然', 'WBG', ' ', 'TES', ' ', 'EDG', '比', '較強']"
: 別吹那個白痴WBG了,"[':', ' ', '別吹', '那個', '白痴', 'WBG', '了']"
: 還在吹TES WBG EDG 熊哥真愛,"[':', ' ', '還在', '吹', 'TES', ' ', 'WBG', ' ', 'EDG', ' ', '熊哥', '真愛']"
: 夏季賽我還是看好WBG TES EDG出國  加油吧,"[':', ' ', '夏季', '賽', '我', '還是', '看好', 'WBG', ' ', 'TES', ' ', 'EDG', '出國', ' ', ' ', '加油', '吧']"
: G2希望全在Caps身上，能不能回神一下,"[':', ' ', 'G2', '希望', '全在', 'Caps', '身上', '，', '能', '不能', '回', '神', '一下']"
: G2先選邊？,"[':', ' ', 'G2', '先選邊', '？']"
: WBG夏季找了丹尼又不給他能玩輪盤的材料+不練角老,"[':', ' ', 'WBG', '夏季', '找', '了', '丹尼', '又', '不給', '他', '能', '玩', '輪盤', '的', '材料', '+', '不練角', '老']"
: 人是要打三小,"[':', ' ', '人', '是', '要', '打三小']"
: 真的 caps回神感覺有的打 牙膏頗爛,"[':', ' ', '真的', ' ', 'caps', '回神', '感覺', '有', '的', '打', ' ', '牙膏', '頗爛']"
: Caps請神吧，請一下2019的自己吧,"[':', ' ', 'Caps', '請神', '吧', '，', '請', '一下', '2019', '的', '自己', '吧']"
: caps目前打了好幾場，沒一場看起來有回神的,"[':', ' ', 'caps', '目前', '打', '了', '好', '幾場', '，', '沒一場', '看', '起來', '有', '回神', '的']"
: 牙膏本來就爛 開季前我就講了 JDG團隊都知道你不知?,"[':', ' ', '牙膏', '本來', '就爛', ' ', '開季', '前', '我', '就', '講了', ' ', 'JDG', '團隊', '都', '知道', '你', '不知', '?']"
: 熊哥 丹尼都跑去wbg了你還能看好？？？,"[':', ' ', '熊哥', ' ', '丹尼', '都', '跑', '去', 'wbg', '了', '你', '還能', '看好', '？', '？', '？']"
: 神左就是海放牙膏 所以JDG才高價換人 很難懂嗎,"[':', ' ', '神', '左', '就是', '海放', '牙膏', ' ', '所以', 'JDG', '才', '高價換', '人', ' ', '很難', '懂', '嗎']"
: Caps從季後賽就在爛了,"[':', ' ', 'Caps', '從', '季後賽', '就', '在爛', '了']"
: 永遠支持shy哥的隊伍!! 希望WBG出國 唯一破口16強JG,"[':', ' ', '永遠', '支持', 'shy', '哥', '的', '隊伍', '!', '!', ' ', '希望', 'WBG', '出國', ' ', '唯一', '破口', '16', '強', 'JG']"
: 熊哥 G2還有四強實力嗎,"[':', ' ', '熊哥', ' ', 'G2', '還有', '四強', '實力', '嗎']"
: 要繼續靠Blade打穿對面，不太可能了,"[':', ' ', '要', '繼續', '靠', 'Blade', '打穿', '對面', '，', '不太可能', '了']"
: Hansama打穿Elk也很難，希望全在Caps身上,"[':', ' ', 'Hansama', '打穿', 'Elk', '也', '很', '難', '，', '希望', '全在', 'Caps', '身上']"
: 不用問我EU NA吧  全部組一隊都打不贏LPL LCK#4,"[':', ' ', '不用', '問我', 'EU', ' ', 'NA', '吧', ' ', ' ', '全部', '組一隊', '都', '打', '不贏', 'LPL', ' ', 'LCK', '#', '4']"
: 還有一個機會…等xun送,"[':', ' ', '還有', '一個', '機會', '…', '等', 'xun', '送']"
: PCS是多窮 主播檯一張椅子都不放==?,"[':', ' ', 'PCS', '是', '多', '窮', ' ', '主播', '檯', '一張', '椅子', '都', '不放', '=', '=', '?']"
: 英文台那麼早就上呼吸器了= =,"[':', ' ', '英文', '台', '那麼', '早就', '上', '呼吸器', '了', '=', ' ', '=']"
: 但你需要等對手送才有機會那說明情況不樂觀了,"[':', ' ', '但', '你', '需要', '等', '對', '手', '送', '才', '有', '機會', '那', '說明', '情況', '不樂觀', '了']"
: Xun再怎麼送，也不可能送三場,"[':', ' ', 'Xun', '再', '怎麼', '送', '，', '也', '不', '可能', '送三場']"
: JATT那大衣上面都是呼吸罩？？,"[':', ' ', 'JATT', '那', '大衣', '上面', '都', '是', '呼吸', '罩', '？', '？']"
: 打Bo5，靠送的，沒用,"[':', ' ', '打', 'Bo5', '，', '靠', '送', '的', '，', '沒用']"
: 應該能贏一場...吧?,"[':', ' ', '應該', '能', '贏一場', '...', '吧', '?']"
: 可是Xun真的很能送欸,"[':', ' ', '可是', 'Xun', '真的', '很能', '送', '欸']"
: 這周打完就沒了 終於能看LPL了,"[':', ' ', '這周', '打', '完', '就', '沒', '了', ' ', '終於能', '看', 'LPL', '了']"
: BLG上個Bo最戳的是雙C吧 Xun倒還好,"[':', ' ', 'BLG', '上個', 'Bo', '最', '戳', '的', '是雙', 'C', '吧', ' ', 'Xun', '倒', '還好']"
: BrokenBlade真的有強嗎,"[':', ' ', 'BrokenBlade', '真的', '有強', '嗎']"
: BLG教練聽我說 不用ban納帝魯斯,"[':', ' ', 'BLG', '教練', '聽', '我', '說', ' ', '不用', 'ban', '納帝', '魯斯']"
: 笑死 英文台把BB吹上天了,"[':', ' ', '笑', '死', ' ', '英文', '台', '把', 'BB', '吹', '上天', '了']"
: 又再鞭屍G2,"[':', ' ', '又', '再', '鞭屍', 'G2']"
: 這兩隊中路都超爛,"[':', ' ', '這兩隊', '中路', '都', '超爛']"
: ZOD這麼看好G2喔…,"[':', ' ', 'ZOD', '這麼', '看好', 'G2', '喔', '…']"
: Blade拿出蛇女虐MAD，實力差距很大,"[':', ' ', 'Blade', '拿出', '蛇', '女虐', 'MAD', '，', '實力', '差距', '很大']"
: 畢竟BLG已經是G2唯一有機會打贏的隊伍了 其他三隊..,"[':', ' ', '畢竟', 'BLG', '已經', '是', 'G2', '唯一', '有', '機會', '打贏', '的', '隊伍', '了', ' ', '其他', '三隊', '..']"
: G2能3：0，那真的是靠上路打出來的,"[':', ' ', 'G2', '能', '3', '：', '0', '，', '那', '真的', '是', '靠', '上路', '打出', '來', '的']"
: 不怕蜜月來這製造不好的回憶嗎,"[':', ' ', '不怕', '蜜月', '來', '這', '製', '造', '不好', '的', '回憶', '嗎']"
: 真的要看哪邊中路這BO5看起來像個人,"[':', ' ', '真的', '要', '看', '哪邊', '中路', '這', 'BO5', '看起', '來', '像', '個', '人']"
: 上個zod看好的隊 GAM,"[':', ' ', '上個', 'zod', '看好', '的', '隊', ' ', 'GAM']"
: Bin對線還是不錯的 他的問題是打團很糟糕,"[':', ' ', 'Bin', '對線', '還是', '不錯', '的', ' ', '他', '的', '問題', '是', '打團', '很', '糟糕']"
: 除非CAPS能像以前一樣CARRY 不然感覺機會不大,"[':', ' ', '除非', 'CAPS', '能', '像', '以前', '一樣', 'CARRY', ' ', '不然', '感覺', '機會', '不大']"
: Caps你這個最戳的還敢說話啊,"[':', ' ', 'Caps', '你', '這個', '最', '戳', '的', '還敢', '說', '話', '啊']"
: Let's go G2,"[':', ' ', 'Let', ""'"", 's', ' ', 'go', ' ', 'G2']"
: G2最大破口在中路 剛好牙膏這次MSI超爛  G2不是沒機,"[':', ' ', 'G2', '最大', '破口', '在', '中路', ' ', '剛好', '牙膏', '這次', 'MSI', '超爛', ' ', ' ', 'G2', '不是', '沒機']"
: 會,"[':', ' ', '會']"
: LET'S GO G2!,"[':', ' ', 'LET', ""'"", 'S', ' ', 'GO', ' ', 'G2', '!']"
: 相信老雞！,"[':', ' ', '相信', '老雞', '！']"
: 這兩隊才是嗆聲嘛XD,"[':', ' ', '這兩隊', '才', '是', '嗆', '聲', '嘛', 'XD']"
: 尊重ban蛇女,"[':', ' ', '尊重', 'ban', '蛇', '女']"
: 賽前訪問兩邊都好嗆,"[':', ' ', '賽前', '訪問', '兩邊', '都', '好', '嗆']"
: 不給caps混了,"[':', ' ', '不給', 'caps', '混', '了']"
: 給yike茂凱？,"[':', ' ', '給', 'yike', '茂凱', '？']"
: 今天粵語台也太香了吧.以前都不知道有妹子= =,"[':', ' ', '今天', '粵語', '台', '也', '太香', '了', '吧', '.', '以前', '都', '不', '知道', '有', '妹子', '=', ' ', '=']"
: zod的字母M都唸N  變成NSI,"[':', ' ', 'zod', '的', '字母', 'M', '都', '唸', 'N', ' ', ' ', '變成', 'NSI']"
: 我記得Yike季後賽拿茂凱好像都輸= =,"[':', ' ', '我', '記得', 'Yike', '季後賽', '拿茂凱', '好像', '都', '輸', '=', ' ', '=']"
: G2 gogo,"[':', ' ', 'G2', ' ', 'gogo']"
: 開抓,"[':', ' ', '開抓']"
: GG人,"[':', ' ', 'GG', '人']"
: 粵語台妹子很久就有啦,"[':', ' ', '粵語', '台', '妹子', '很久', '就', '有', '啦']"
: 放達瑞文但不敢拿了,"[':', ' ', '放達', '瑞文', '但', '不敢', '拿', '了']"
: 感覺blg不會禁用bb的角色,"[':', ' ', '感覺', 'blg', '不會', '禁用', 'bb', '的', '角色']"
: 有樹人和gg人 瑞斯叔叔和歐拉夫效果應該很好,"[':', ' ', '有樹人', '和', 'gg', '人', ' ', '瑞斯', '叔叔', '和', '歐', '拉夫', '效果', '應該', '很', '好']"
: 那些東西賓應該不是很怕,"[':', ' ', '那些', '東西賓', '應該', '不是', '很', '怕']"
: 黑甲怎麼都沒人拿,"[':', ' ', '黑甲', '怎麼', '都', '沒人', '拿']"
: 兩邊都不會玩 哈,"[':', ' ', '兩邊', '都', '不會', '玩', ' ', '哈']"
: 會出歐拉夫嗎？,"[':', ' ', '會出', '歐', '拉夫', '嗎', '？']"
: 甲黑人竟然沒人ban,"[':', ' ', '甲', '黑人', '竟然', '沒人', 'ban']"
: 滑起來,"[':', ' ', '滑起', '來']"
: 點數毆印雞兔,"[':', ' ', '點數', '毆', '印雞', '兔']"
: 又開大啦,"[':', ' ', '又', '開大', '啦']"
: 哈賽,"[':', ' ', '哈賽']"
: 滑!!!,"[':', ' ', '滑', '!', '!', '!']"
: 挖靠   這套學GG的,"[':', ' ', '挖靠', ' ', ' ', ' ', '這套', '學', 'GG', '的']"
: bin練角,"[':', ' ', 'bin', '練角']"
: 這很G2,"[':', ' ', '這', '很', 'G2']"
: 賓你怎麼玩這隻,"[':', ' ', '賓你', '怎麼', '玩', '這', '隻']"
: 這jinx膚質有點差,"[':', ' ', '這', 'jinx', '膚質', '有點', '差']"
: GG人看起來有點尷尬欸 要抓誰,"[':', ' ', 'GG', '人看', '起來', '有點', '尷尬', '欸', ' ', '要', '抓', '誰']"
: 蠻像的欸XD,"[':', ' ', '蠻', '像', '的', '欸', 'XD']"
: Caps Yasuo,"[':', ' ', 'Caps', ' ', 'Yasuo']"
: 下G2了   坦克的上路BLG應該不配贏,"[':', ' ', '下', 'G2', '了', ' ', ' ', ' ', '坦克', '的', '上路', 'BLG', '應該', '不配', '贏']"
: 完蛋 BLG惡夢陣,"[':', ' ', '完蛋', ' ', 'BLG', '惡夢陣']"
: BP G2創意贏了,"[':', ' ', 'BP', ' ', 'G2', '創意贏', '了']"
: 醜 哪來的,"[':', ' ', '醜', ' ', '哪來', '的']"
: 真的被我猜到會選犽宿,"[':', ' ', '真的', '被', '我', '猜', '到', '會', '選', '犽', '宿']"
: :........,"[':', ' ', ':', '........']"
: 相信老雞！,"[':', ' ', '相信', '老雞', '！']"
: 阿賓又玩坦喔,"[':', ' ', '阿賓', '又', '玩坦', '喔']"
: 可惜右邊不會玩牙素 不然右邊搶牙素能康超多人,"[':', ' ', '可惜', '右邊', '不會', '玩牙素', ' ', '不然', '右邊', '搶牙素', '能康', '超多人']"
: BLG PTSD,"[':', ' ', 'BLG', ' ', 'PTSD']"
: 下BLG了 我覺得GG人很尷尬捏,"[':', ' ', '下', 'BLG', '了', ' ', '我覺', '得', 'GG', '人', '很', '尷尬', '捏']"
: G2會贏吧...,"[':', ' ', 'G2', '會贏', '吧', '...']"
: 敢不敢殺爛賽勒斯，壓爛賽勒斯這場就贏了,"[':', ' ', '敢不敢', '殺爛賽', '勒斯', '，', '壓爛賽', '勒斯', '這場', '就', '贏了']"
: 覺得G2稍微強一點,"[':', ' ', '覺得', 'G2', '稍微', '強一點']"
: 主場最後希望,"[':', ' ', '主場', '最', '後', '希望']"
: 講道理右邊陣容怎麼看都比較好 不過情感相信G2一場,"[':', ' ', '講', '道理', '右邊', '陣容', '怎麼', '看', '都', '比', '較', '好', ' ', '不過', '情感', '相信', 'G2', '一場']"
: 究竟今天是claps還是craps呢,"[':', ' ', '究竟', '今天', '是', 'claps', '還是', 'craps', '呢']"
: 相信韓總,"[':', ' ', '相信', '韓總']"
: g2選的還行,"[':', ' ', 'g2', '選', '的', '還行']"
: CHEWSDAY好靠北wwww,"[':', ' ', 'CHEWSDAY', '好', '靠北', 'wwww']"
: 這場看中路 只要牙宿沒被殺崩 大東就不用輸出,"[':', ' ', '這場', '看', '中路', ' ', '只要', '牙宿', '沒', '被', '殺', '崩', ' ', '大東', '就', '不用', '輸出']"
: G2加油啊,"[':', ' ', 'G2', '加油', '啊']"
: Caps好好打，不然G2要徵招小呆瓜上場了,"[':', ' ', 'Caps', '好好', '打', '，', '不然', 'G2', '要', '徵招', '小呆瓜', '上場', '了']"
: 阿BIN 不會玩黑甲?,"[':', ' ', '阿', 'BIN', ' ', '不會', '玩', '黑甲', '?']"
: 下路被壓了,"[':', ' ', '下路', '被', '壓', '了']"
: 我要求不多贏一場就100分,"[':', ' ', '我', '要求', '不多贏', '一場', '就', '100', '分']"
: 醜,"[':', ' ', '醜']"
: 上下都醜,"[':', ' ', '上下', '都醜']"
: EU DIVE,"[':', ' ', 'EU', ' ', 'DIVE']"
: Hans Chan,"[':', ' ', 'Hans', ' ', 'Chan']"
: 哇黑甲沒死,"[':', ' ', '哇', '黑甲', '沒死']"
: 阿BIN狀態越來越好耶,"[':', ' ', '阿', 'BIN', '狀態', '越來', '越', '好', '耶']"
: 沒了 GG 0:3,"[':', ' ', '沒', '了', ' ', 'GG', ' ', '0', ':', '3']"
: bin也太神了八 這樣可以沒死,"[':', ' ', 'bin', '也', '太神', '了', '八', ' ', '這樣', '可以', '沒死']"
: 下路炸了，兩波兵進塔，GG,"[':', ' ', '下路', '炸', '了', '，', '兩波兵', '進塔', '，', 'GG']"
: 好久沒看到經典犽宿了,"[':', ' ', '好久', '沒', '看到', '經', '典', '犽', '宿', '了']"
: 結束了 g2gg,"[':', ' ', '結束', '了', ' ', 'g2gg']"
: 兩波兵沒吃到，沒什麼救了,"[':', ' ', '兩波兵', '沒', '吃', '到', '，', '沒什麼', '救', '了']"
: G2超爛的  PSG還打不贏就知道PSG有多爛= =,"[':', ' ', 'G2', '超爛', '的', ' ', ' ', 'PSG', '還打', '不贏', '就', '知道', 'PSG', '有多爛', '=', ' ', '=']"
: 看光光,"[':', ' ', '看', '光光']"
: 上下都沒救了,"[':', ' ', '上下', '都', '沒救', '了']"
: Mikyx根本不會玩機器人,"[':', ' ', 'Mikyx', '根本', '不會', '玩', '機器', '人']"
: g2的下路太爛了,"[':', ' ', 'g2', '的', '下路', '太爛', '了']"
: GGGGG,"[':', ' ', 'GGGGG']"
: G2下路真破爛,"[':', ' ', 'G2', '下路', '真破爛']"
: 薛之謙！！！,"[':', ' ', '薛之謙', '！', '！', '！']"
: 沒有魔量什麼東東XD,"[':', ' ', '沒有', '魔量', '什麼', '東東', 'XD']"
: 機器人拿兩顆頭==,"[':', ' ', '機器', '人', '拿', '兩', '顆頭', '=', '=']"
: 兩邊都失智 猴子死了憑什麼接龍,"[':', ' ', '兩邊', '都', '失智', ' ', '猴子', '死', '了', '憑', '什麼', '接龍']"
: Caps沒魔 WutFace,"[':', ' ', 'Caps', '沒魔', ' ', 'WutFace']"
: 兩邊都失智,"[':', ' ', '兩邊', '都', '失智']"
: 這主播說caps沒魔到底是什麼鬼...,"[':', ' ', '這主播', '說', 'caps', '沒魔', '到底', '是', '什麼', '鬼', '...']"
: G2!,"[':', ' ', 'G2', '!']"
: elk對上歐美又像戰神一樣了 幹,"[':', ' ', 'elk', '對', '上', '歐美', '又', '像', '戰神', '一樣', '了', ' ', '幹']"
: 輔助拿一堆頭,"[':', ' ', '輔助', '拿', '一堆', '頭']"
: 可悲這主播什麼素質阿,"[':', ' ', '可悲', '這主播', '什麼', '素質', '阿']"
: 牙膏沒磨亮,"[':', ' ', '牙膏', '沒', '磨亮']"
: G2有龍,"[':', ' ', 'G2', '有龍']"
: Craps,"[':', ' ', 'Craps']"
: Craps,"[':', ' ', 'Craps']"
: 對方打野在  怎麼打龍？ 勾引？,"[':', ' ', '對方', '打野', '在', ' ', ' ', '怎麼', '打龍', '？', ' ', '勾引', '？']"
: CAPS自殺吧,"[':', ' ', 'CAPS', '自殺', '吧']"
: CRAPS,"[':', ' ', 'CRAPS']"
: Craps,"[':', ' ', 'Craps']"
: GGGGGGGGGG,"[':', ' ', 'GGGGGGGGGG']"
: craps,"[':', ' ', 'craps']"
: Craps,"[':', ' ', 'Craps']"
: Craps,"[':', ' ', 'Craps']"
: caps.................我的天.....................,"[':', ' ', 'caps', '.................', '我', '的', '天', '.....................']"
: G2沒了,"[':', ' ', 'G2', '沒', '了']"
: 牙膏為啥不偷大樹大,"[':', ' ', '牙膏', '為', '啥', '不', '偷大樹大']"
: caps gg,"[':', ' ', 'caps', ' ', 'gg']"
: 沒了啊,"[':', ' ', '沒', '了', '啊']"
: 賊克剛剛還說爆露 支語警察要生氣了XD,"[':', ' ', '賊克', '剛剛', '還說', '爆露', ' ', '支語', '警察', '要', '生氣', '了', 'XD']"
: CRAPS,"[':', ' ', 'CRAPS']"
: 牙膏狀態居然比craps還好,"[':', ' ', '牙膏', '狀態', '居然', '比', 'craps', '還好']"
: 這酒桶不會玩 剛炸回塔下有機會拚殺,"[':', ' ', '這', '酒桶', '不會', '玩', ' ', '剛炸', '回塔下', '有', '機會', '拚', '殺']"
: CRAPS還不退役喔,"[':', ' ', 'CRAPS', '還不', '退役', '喔']"
: Caps已經只剩下入圍賽戰神了嗎QQ,"[':', ' ', 'Caps', '已經', '只', '剩下', '入', '圍賽', '戰神', '了', '嗎', 'QQ']"
: 風牆,"[':', ' ', '風牆']"
: 他想下一波河蟹偷吧,"[':', ' ', '他', '想', '下', '一波', '河蟹', '偷', '吧']"
: 刪除複數帽子跟韓三媽 緊急徵召單數腰子跟扛三發,"[':', ' ', '刪除', '複', '數', '帽子', '跟', '韓三媽', ' ', '緊急', '徵召', '單數', '腰子', '跟', '扛', '三發']"
: 帽子現在是G2的突破口,"[':', ' ', '帽子', '現在', '是', 'G2', '的', '突破口']"
: caps還是玩滷蛋比較好,"[':', ' ', 'caps', '還是', '玩', '滷', '蛋', '比', '較', '好']"
: craps,"[':', ' ', 'craps']"
: Caps已經比爾森化了  沒救,"[':', ' ', 'Caps', '已經', '比爾森化', '了', ' ', ' ', '沒救']"
: 昨天就說 根本不是播錯的問題 賊客一堆講錯比u5離譜,"[':', ' ', '昨天', '就', '說', ' ', '根本', '不是', '播錯', '的', '問題', ' ', '賊', '客', '一堆', '講錯', '比', 'u5', '離譜']"
: 賊克又在加自己見解搶話了= =,"[':', ' ', '賊', '克', '又', '在', '加', '自己', '見解', '搶', '話', '了', '=', ' ', '=']"
: 多了 他也不會像u5一樣被當狗噴,"[':', ' ', '多', '了', ' ', '他', '也', '不會', '像', 'u5', '一樣', '被', '當狗噴']"
: 這招好強 保夾,"[':', ' ', '這招', '好強', ' ', '保夾']"
: 這麼硬要喔,"[':', ' ', '這麼', '硬', '要', '喔']"
: 樹人檢頭= =,"[':', ' ', '樹人', '檢頭', '=', ' ', '=']"
: 可惜頭給到Yike,"[':', ' ', '可惜', '頭給', '到', 'Yike']"
: 保夾欸,"[':', ' ', '保夾', '欸']"
: 貿凱搭機器人還挺靠盃的欸,"[':', ' ', '貿凱', '搭', '機器', '人', '還挺', '靠', '盃', '的', '欸']"
: 賊克愛自己亂分析啊,"[':', ' ', '賊克愛', '自己', '亂', '分析', '啊']"
: 這個COMBO好絕望喔 沒得跑,"[':', ' ', '這個', 'COMBO', '好', '絕望', '喔', ' ', '沒得', '跑']"
: U5是硬要5速嘴還有講梗講不清楚卡詞,"[':', ' ', 'U5', '是', '硬', '要', '5', '速嘴', '還有', '講梗講', '不', '清楚', '卡詞']"
: mikyx笑死,"[':', ' ', 'mikyx', '笑', '死']"
: Bait啊,"[':', ' ', 'Bait', '啊']"
: 畫面很亂,"[':', ' ', '畫面', '很', '亂']"
: No damage,"[':', ' ', 'No', ' ', 'damage']"
: 滑倒,"[':', ' ', '滑倒']"
: 沒了 GG88,"[':', ' ', '沒', '了', ' ', 'GG88']"
: CRAPS,"[':', ' ', 'CRAPS']"
: 完全沒傷害 可憐,"[':', ' ', '完全', '沒傷害', ' ', '可憐']"
: 笑死,"[':', ' ', '笑', '死']"
: CAPS真的笑死 到底能多爛,"[':', ' ', 'CAPS', '真的', '笑', '死', ' ', '到底', '能多爛']"
: 為啥G2打不同邊,"[':', ' ', '為', '啥', 'G2', '打', '不同', '邊']"
: craps,"[':', ' ', 'craps']"
: Caps好爛…,"[':', ' ', 'Caps', '好爛', '…']"
: 這牙膏真的是我來我也行==,"[':', ' ', '這', '牙膏', '真的', '是', '我', '來', '我', '也', '行', '=', '=']"
: 準,"[':', ' ', '準']"
: CAPS剛才死那波太虧了 傷害根本不夠,"[':', ' ', 'CAPS', '剛才', '死', '那', '波太虧', '了', ' ', '傷害', '根本', '不夠']"
: 這兩隊都好醜,"[':', ' ', '這兩隊', '都', '好醜']"
: G2好爛,"[':', ' ', 'G2', '好爛']"
: G2怎麼那麼醜阿==,"[':', ' ', 'G2', '怎麼', '那麼', '醜阿', '=', '=']"
: 笑了 火箭,"[':', ' ', '笑', '了', ' ', '火箭']"
: On真夠慘,"[':', ' ', 'On', '真夠慘']"
: 撿回一顆 讚,"[':', ' ', '撿', '回一顆', ' ', '讚']"
: LULU : 又我?,"[':', ' ', 'LULU', ' ', ':', ' ', '又', '我', '?']"
: bb虧爛,"[':', ' ', 'bb', '虧爛']"
: 病友局？,"[':', ' ', '病友', '局', '？']"
: caps玩的跟我玩一樣,"[':', ' ', 'caps', '玩', '的', '跟', '我', '玩', '一樣']"
: 好消息 JINX有頭了,"[':', ' ', '好消息', ' ', 'JINX', '有頭', '了']"
: 黑甲快贏1k了,"[':', ' ', '黑甲', '快贏', '1k', '了']"
: Caps真的爛爆,"[':', ' ', 'Caps', '真的', '爛爆']"
: Caps真的爛到不能再爛了，稍微強一點都還有的打,"[':', ' ', 'Caps', '真的', '爛到', '不能', '再爛', '了', '，', '稍微', '強一點', '都', '還有', '的', '打']"
: caps會不會玩啊,"[':', ' ', 'caps', '會不會', '玩', '啊']"
: 賊克今天播得比這兩隊還亂XD,"[':', ' ', '賊克', '今天', '播得', '比', '這兩隊', '還亂', 'XD']"
: Ok 小呆瓜牙素 G2沒了,"[':', ' ', 'Ok', ' ', '小呆', '瓜牙素', ' ', 'G2', '沒', '了']"
: 阿bin自己玩得好開心,"[':', ' ', '阿', 'bin', '自己', '玩得', '好', '開心']"
: 所以為什麼U5被噴成狗 賊克沒有==,"[':', ' ', '所以', '為', '什麼', 'U5', '被', '噴成', '狗', ' ', '賊克', '沒有', '=', '=']"
: 小呆瓜,"[':', ' ', '小呆瓜']"
: 歐美的團真的很爛= =,"[':', ' ', '歐', '美的', '團', '真的', '很爛', '=', ' ', '=']"
: 剛才確定caps 是不是被斷,"[':', ' ', '剛才', '確定', 'caps', ' ', '是不是', '被斷']"
: Lulu:,"[':', ' ', 'Lulu', ':']"
: CAPS這波如果有神化裝 傷害不會這麼醜,"[':', ' ', 'CAPS', '這波', '如果', '有', '神化', '裝', ' ', '傷害', '不會', '這麼醜']"
: G2是老人雷包團嗎,"[':', ' ', 'G2', '是', '老人', '雷包團', '嗎']"
: 這刀客已經032了,"[':', ' ', '這', '刀客', '已經', '032', '了']"
: 上下路鍍層爆光光,"[':', ' ', '上下', '路', '鍍層', '爆', '光光']"
: 這牙宿被羅傑附身了,"[':', ' ', '這牙宿', '被羅傑', '附身', '了']"
: Caps真的好爛,"[':', ' ', 'Caps', '真的', '好爛']"
: Caps真的很爛,"[':', ' ', 'Caps', '真的', '很爛']"
: ON：幹你娘,"[':', ' ', 'ON', '：', '幹', '你', '娘']"
: 笑死又我,"[':', ' ', '笑', '死', '又', '我']"
: 野輔連送,"[':', ' ', '野輔', '連送']"
: 可以777777,"[':', ' ', '可以', '777777']"
: XUN導又出手了,"[':', ' ', 'XUN', '導又', '出手', '了']"
: 這爛裝飛進去送,"[':', ' ', '這爛', '裝飛', '進去', '送']"
: 不要複數帽子 給我單數腰子,"[':', ' ', '不要', '複', '數', '帽子', ' ', '給我', '單數', '腰子']"
: 777777777 沒亞索就屌打,"[':', ' ', '777777777', ' ', '沒亞索', '就', '屌', '打']"
: 哪來的自信選牙速，笑死,"[':', ' ', '哪來', '的', '自信', '選牙速', '，', '笑', '死']"
: Let s go G2,"[':', ' ', 'Let', ' ', 's', ' ', 'go', ' ', 'G2']"
: 欸不是 為什麼這LULU三顆頭啊,"[':', ' ', '欸', '不是', ' ', '為', '什麼', '這', 'LULU', '三', '顆頭', '啊']"
: 就夾你沒閃,"[':', ' ', '就夾', '你', '沒', '閃']"
: GG人,"[':', ' ', 'GG', '人']"
: 昨天還說caps跟牙膏半斤八兩 結果被打臉 比牙膏更爛,"[':', ' ', '昨天', '還說', 'caps', '跟', '牙膏', '半斤', '八兩', ' ', '結果', '被', '打', '臉', ' ', '比', '牙膏', '更爛']"
: BLG這野輔又開始了 智障級的,"[':', ' ', 'BLG', '這野輔', '又', '開始', '了', ' ', '智障', '級', '的']"
: 熟悉的BLG  開始亂送了,"[':', ' ', '熟悉', '的', 'BLG', ' ', ' ', '開始', '亂', '送', '了']"
: mikyx這機器人是保夾嗎,"[':', ' ', 'mikyx', '這機器', '人', '是', '保夾', '嗎']"
: Mikyx7777777777,"[':', ' ', 'Mikyx7777777777']"
: Mikyx 77777777,"[':', ' ', 'Mikyx', ' ', '77777777']"
: BLG會不會真的輸阿= =,"[':', ' ', 'BLG', '會不會', '真的', '輸', '阿', '=', ' ', '=']"
: 亂送一通 XD,"[':', ' ', '亂', '送', '一通', ' ', 'XD']"
: GG人有料,"[':', ' ', 'GG', '人有料']"
: 好強喔...機器人,"[':', ' ', '好強', '喔', '...', '機器', '人']"
: 太神啦我大mikyx,"[':', ' ', '太神', '啦', '我', '大', 'mikyx']"
: BLG不可能輸 看一下經濟,"[':', ' ', 'BLG', '不', '可能', '輸', ' ', '看', '一下', '經濟']"
: 還有點戲,"[':', ' ', '還有', '點戲']"
: 拉拉拉放…啊不是,"[':', ' ', '拉', '拉拉', '放', '…', '啊', '不是']"
: 韓總拿到賞金 賺爛= =,"[':', ' ', '韓總', '拿到', '賞金', ' ', '賺爛', '=', ' ', '=']"
: 一直拉一直爽,"[':', ' ', '一直', '拉一', '直爽']"
: 臭 XD,"[':', ' ', '臭', ' ', 'XD']"
: 太亂鬥了,"[':', ' ', '太亂鬥', '了']"
: 機器人有欸,"[':', ' ', '機器', '人', '有', '欸']"
: BLG再搞下去會爆炸,"[':', ' ', 'BLG', '再', '搞', '下去', '會', '爆炸']"
: 十連保底,"[':', ' ', '十連', '保底']"
: 我會出手,"[':', ' ', '我會', '出手']"
: 這兩個笑死,"[':', ' ', '這兩個', '笑', '死']"
: 醜死,"[':', ' ', '醜死']"
: 勳島?,"[':', ' ', '勳島', '?']"
: BLG本來就不會贏,"[':', ' ', 'BLG', '本來', '就', '不會贏']"
: ？,"[':', ' ', '？']"
: 敲小兵?,"[':', ' ', '敲', '小兵', '?']"
: 笑死,"[':', ' ', '笑', '死']"
: = =,"[':', ' ', '=', ' ', '=']"
: 好醜,"[':', ' ', '好醜']"
: q小兵 笑死,"[':', ' ', 'q', '小兵', ' ', '笑', '死']"
: XUN導名不虛傳,"[':', ' ', 'XUN', '導名', '不虛傳']"
: XUN KEKW,"[':', ' ', 'XUN', ' ', 'KEKW']"
: 出手,"[':', ' ', '出手']"
: Q小兵,"[':', ' ', 'Q', '小兵']"
: 幽默喔,"[':', ' ', '幽默', '喔']"
: 比醜？？,"[':', ' ', '比醜', '？', '？']"
: Xun好爛,"[':', ' ', 'Xun', '好爛']"
: Q小兵 笑死,"[':', ' ', 'Q', '小兵', ' ', '笑', '死']"
: 笑死,"[':', ' ', '笑', '死']"
: 難怪BLG會在敗部..,"[':', ' ', '難怪', 'BLG', '會', '在', '敗部', '..']"
: A兵,"[':', ' ', 'A', '兵']"
: XUN導 KEKWE,"[':', ' ', 'XUN', '導', ' ', 'KEKWE']"
: XUN?,"[':', ' ', 'XUN', '?']"
: 敲小兵 媽啊.....................................,"[':', ' ', '敲', '小兵', ' ', '媽啊', '.....................................']"
: Xun你又買了,"[':', ' ', 'Xun', '你', '又', '買', '了']"
: 兩邊都失智 EQ也能空,"[':', ' ', '兩邊', '都', '失智', ' ', 'EQ', '也', '能空']"
: 機器人豪猛,"[':', ' ', '機器', '人豪', '猛']"
: 笑死,"[':', ' ', '笑', '死']"
: 之前那場是保底,"[':', ' ', '之前', '那場', '是', '保底']"
: 差點要craps,"[':', ' ', '差點', '要', 'craps']"
: 好醜,"[':', ' ', '好醜']"
: Xun導 很演欸,"[':', ' ', 'Xun', '導', ' ', '很演', '欸']"
: 一堆失誤 真猴子,"[':', ' ', '一堆', '失誤', ' ', '真', '猴子']"
: 機器人跟鬼一樣,"[':', ' ', '機器', '人', '跟', '鬼', '一樣']"
: 兩邊比醜的,"[':', ' ', '兩邊', '比醜', '的']"
: 吐了 一個Q3沒起風 一個敲小兵,"[':', ' ', '吐', '了', ' ', '一個', 'Q3', '沒起', '風', ' ', '一個', '敲', '小兵']"
: 人機一體,"[':', ' ', '人機', '一體']"
: 一個EQ空 一個Q小兵,"[':', ' ', '一個', 'EQ', '空', ' ', '一個', 'Q', '小兵']"
: 哈哈哈 銀牌對決,"[':', ' ', '哈哈哈', ' ', '銀牌', '對決']"
: 笑死 這兩個 斜咖,"[':', ' ', '笑', '死', ' ', '這兩個', ' ', '斜', '咖']"
: 這兩隊實力差不多耶,"[':', ' ', '這兩隊', '實力', '差不多', '耶']"
: 醜狗對決,"[':', ' ', '醜狗', '對決']"
: 勳導,"[':', ' ', '勳導']"
: 勳導有喔,"[':', ' ', '勳導', '有', '喔']"
: xun沒打假賽是吧xddd,"[':', ' ', 'xun', '沒', '打假', '賽是', '吧', 'xddd']"
: Jinx補鈔 還有機會,"[':', ' ', 'Jinx', '補鈔', ' ', '還有', '機會']"
: 查一下XUN導吧,"[':', ' ', '查', '一下', 'XUN', '導吧']"
: 醜狗間的對決,"[':', ' ', '醜狗間', '的', '對決']"
: 拜託G2爭氣點......,"[':', ' ', '拜', '託', 'G2', '爭氣點', '......']"
: Caps 也是真的再雷欸 還好勳笑死了,"[':', ' ', 'Caps', ' ', '也', '是', '真的', '再雷', '欸', ' ', '還好', '勳笑', '死', '了']"
: 還得是你啊Xun導,"[':', ' ', '還得', '是', '你', '啊', 'Xun', '導']"
: 有哦 小兵很會補哦,"[':', ' ', '有', '哦', ' ', '小兵', '很會', '補', '哦']"
: Q 到小兵哪招...,"[':', ' ', 'Q', ' ', '到', '小兵', '哪招', '...']"
: 兩邊再比醜?,"[':', ' ', '兩邊', '再', '比醜', '?']"
: 猴哥：沒事，問題不大,"[':', ' ', '猴哥', '：', '沒事', '，', '問題', '不大']"
: 看起來要靠阿bin了,"[':', ' ', '看起', '來', '要', '靠', '阿', 'bin', '了']"
: -1445,"[':', ' ', '-', '1445']"
: 剛才就說這場看CAPS 就比哪邊比較少低智商失誤而以,"[':', ' ', '剛才', '就', '說', '這場', '看', 'CAPS', ' ', '就', '比', '哪邊', '比', '較', '少', '低', '智商', '失誤', '而', '以']"
: 沒啥救。要屌拉，不然jinx沒人保，會被黑甲切爛,"[':', ' ', '沒', '啥', '救', '。', '要', '屌', '拉', '，', '不然', 'jinx', '沒人保', '，', '會', '被', '黑甲切爛']"
: 勳導微信到帳了,"[':', ' ', '勳導', '微信', '到帳', '了']"
: Caps正常一點 這場G2要車過去了...,"[':', ' ', 'Caps', '正常', '一點', ' ', '這場', 'G2', '要', '車過', '去', '了', '...']"
: BLG是看G2多沒有啊XD 希望被打爆謝謝,"[':', ' ', 'BLG', '是', '看', 'G2', '多', '沒', '有', '啊', 'XD', ' ', '希望', '被', '打爆', '謝謝']"
: 這次前三跟後面隊伍真的差距很大,"[':', ' ', '這次', '前', '三', '跟後面', '隊伍', '真的', '差距', '很大']"
: ElK也很爛,"[':', ' ', 'ElK', '也', '很爛']"
: 笑死我 車?,"[':', ' ', '笑', '死', '我', ' ', '車', '?']"
: G2這邊很明顯最戳的就CAPS,"[':', ' ', 'G2', '這邊', '很', '明顯', '最', '戳', '的', '就', 'CAPS']"
: 牙膏？,"[':', ' ', '牙膏', '？']"
: CRAPS,"[':', ' ', 'CRAPS']"
: 7777777777777777777777777777777777,"[':', ' ', '7777777777777777777777777777777777']"
: 嗨起來囉！,"[':', ' ', '嗨', '起來', '囉', '！']"
: 醜,"[':', ' ', '醜']"
: 出手啦,"[':', ' ', '出手', '啦']"
: bin這是不是反向大R,"[':', ' ', 'bin', '這', '是不是', '反向', '大', 'R']"
: 韓總,"[':', ' ', '韓總']"
: 出事啦,"[':', ' ', '出事', '啦']"
: 77777,"[':', ' ', '77777']"
: 韓總起飛,"[':', ' ', '韓總起', '飛']"
: 出手啊,"[':', ' ', '出手', '啊']"
: 出手了,"[':', ' ', '出手', '了']"
: 這牙宿進去被AD融化,"[':', ' ', '這牙宿', '進去', '被', 'AD', '融化']"
: blg好醜,"[':', ' ', 'blg', '好醜']"
: 出手啊 有夠臭XDD,"[':', ' ', '出手', '啊', ' ', '有夠', '臭', 'XDD']"
: 這場其實是歐美大戰吧,"[':', ' ', '這場', '其實', '是', '歐美大戰', '吧']"
: BLG團戰跟屎一樣,"[':', ' ', 'BLG', '團戰', '跟', '屎', '一樣']"
: CRAPS 傷害好低==,"[':', ' ', 'CRAPS', ' ', '傷害', '好', '低', '=', '=']"
: 怪怪的欸這個卡桑蒂,"[':', ' ', '怪怪的', '欸', '這個', '卡桑', '蒂']"
: BIN大開歪,"[':', ' ', 'BIN', '大開', '歪']"
: 我會出手,"[':', ' ', '我會', '出手']"
: 阿bin???,"[':', ' ', '阿', 'bin', '?', '?', '?']"
: BLG真的是中韓四隊裡最弱的,"[':', ' ', 'BLG', '真的', '是', '中', '韓四隊裡', '最弱', '的']"
: 牙膏洞好大,"[':', ' ', '牙膏', '洞好', '大']"
: 韓總發大財,"[':', ' ', '韓總發', '大財']"
: 太神啦肥起來啦,"[':', ' ', '太神', '啦', '肥起', '來', '啦']"
: Bin在幹嘛,"[':', ' ', 'Bin', '在', '幹', '嘛']"
: 兩個牙膏都...,"[':', ' ', '兩個', '牙膏', '都', '...']"
: 幹難怪不選,"[':', ' ', '幹難怪', '不選']"
: 真的不會玩卡桑蒂,"[':', ' ', '真的', '不會', '玩', '卡桑', '蒂']"
: 韓總開射,"[':', ' ', '韓總開射']"
: 韓總起飛啦,"[':', ' ', '韓總起', '飛', '啦']"
: ElK就真的爛,"[':', ' ', 'ElK', '就', '真的', '爛']"
: 阿彬的黑甲真的不成人形,"[':', ' ', '阿彬', '的', '黑甲', '真的', '不成', '人形']"
: BLG真的爛隊 還我WBG TES,"[':', ' ', 'BLG', '真的', '爛隊', ' ', '還我', 'WBG', ' ', 'TES']"
: 小呆瓜乖乖躺好就好,"[':', ' ', '小呆瓜', '乖乖', '躺', '好', '就', '好']"
: hansama肥囉,"[':', ' ', 'hansama', '肥', '囉']"
: 打北美都醜成這樣了 打歐洲果然有點難度了,"[':', ' ', '打', '北美', '都', '醜成', '這樣', '了', ' ', '打', '歐洲', '果然', '有點', '難度', '了']"
: Bin的黑甲真的名不虛傳的爛,"[':', ' ', 'Bin', '的', '黑甲', '真的', '名不虛', '傳的爛']"
: 哇靠 輸四千凹回來欸,"[':', ' ', '哇', '靠', ' ', '輸', '四千', '凹', '回來', '欸']"
: LET'S GO G2！,"[':', ' ', 'LET', ""'"", 'S', ' ', 'GO', ' ', 'G2', '！']"
: 準備翻了,"[':', ' ', '準備', '翻', '了']"
: 媽的blg劇本出來了= =,"[':', ' ', '媽的', 'blg', '劇本', '出來', '了', '=', ' ', '=']"
: 贏4千BLG團戰打不過是怎樣,"[':', ' ', '贏', '4', '千', 'BLG', '團戰', '打不過', '是', '怎樣']"
: 他跟我前天看369的黑甲好像不太一樣,"[':', ' ', '他', '跟', '我', '前天', '看', '369', '的', '黑甲', '好像', '不太一樣']"
: hansama出手了,"[':', ' ', 'hansama', '出手', '了']"
: 韓總起飛,"[':', ' ', '韓總起', '飛']"
: 韓總很肥不怕,"[':', ' ', '韓總', '很', '肥', '不怕']"
: 機器人：我也會出手,"[':', ' ', '機器', '人', '：', '我', '也', '會', '出手']"
: 韓總!!!!!!!,"[':', ' ', '韓總', '!', '!', '!', '!', '!', '!', '!']"
: 哇靠，Jinx射起來了,"[':', ' ', '哇', '靠', '，', 'Jinx', '射起', '來', '了']"
: 爆爆開射,"[':', ' ', '爆爆', '開射']"
: 準備翻盤了,"[':', ' ', '準備', '翻盤', '了']"
: jinx很肥  還有得打,"[':', ' ', 'jinx', '很肥', ' ', ' ', '還有', '得', '打']"
: 哇== G2這麼會夾的嗎,"[':', ' ', '哇', '=', '=', ' ', 'G2', '這麼', '會夾', '的', '嗎']"
: 難怪都不選.根本不會玩卡桑蒂,"[':', ' ', '難怪', '都', '不選', '.', '根本', '不會', '玩', '卡桑', '蒂']"
: caps爛成這樣 BLG還能輸就太扯了,"[':', ' ', 'caps', '爛成', '這樣', ' ', 'BLG', '還能', '輸', '就', '太', '扯', '了']"
: \韓總/,"[':', ' ', '\\', '韓總', '/']"
: 又是不科學團戰嗎...,"[':', ' ', '又', '是', '不科學', '團戰', '嗎', '...']"
: Blg打團有夠爛,"[':', ' ', 'Blg', '打團', '有', '夠爛']"
: bin黑人 真的好爛,"[':', ' ', 'bin', '黑人', ' ', '真的', '好爛']"
: BLG是真的爛,"[':', ' ', 'BLG', '是', '真的', '爛']"
: 可以啊這波 牙膏蝦開,"[':', ' ', '可以', '啊', '這波', ' ', '牙膏', '蝦開']"
: 剩一千而已= =,"[':', ' ', '剩', '一千', '而已', '=', ' ', '=']"
: 哈哈哈哈,"[':', ' ', '哈哈哈哈']"
: 所以JDG把牙膏排掉換左手還是對的,"[':', ' ', '所以', 'JDG', '把', '牙膏', '排掉', '換', '左手', '還是', '對', '的']"
: 帽子哥乾脆出坦進場就好了,"[':', ' ', '帽子', '哥', '乾脆', '出坦', '進場', '就', '好', '了']"
: 勳導有喔 到帳有差,"[':', ' ', '勳導', '有', '喔', ' ', '到', '帳有', '差']"
: 帶走救得好XDDD,"[':', ' ', '帶', '走', '救', '得', '好', 'XDDD']"
: 豪扯喔 輸四千凹到剩一千,"[':', ' ', '豪扯', '喔', ' ', '輸', '四千', '凹到', '剩', '一千']"
: 又出手了,"[':', ' ', '又', '出手', '了']"
: 6頭！,"[':', ' ', '6', '頭', '！']"
: 我會出手！,"[':', ' ', '我會', '出手', '！']"
: 如果BLG贏之後要打Geng應該打不過,"[':', ' ', '如果', 'BLG', '贏之後要', '打', 'Geng', '應該', '打不過']"
: 有囉 出手了,"[':', ' ', '有', '囉', ' ', '出手', '了']"
: 我會出事,"[':', ' ', '我會', '出事']"
: 出手啦,"[':', ' ', '出手', '啦']"
: 韓總超肥,"[':', ' ', '韓總超肥']"
: 水啦韓總好肥,"[':', ' ', '水', '啦', '韓總', '好肥']"
: BIN你還是玩鬥士好了==,"[':', ' ', 'BIN', '你', '還是', '玩鬥士', '好', '了', '=', '=']"
: 我會出手!,"[':', ' ', '我會', '出手', '!']"
: bin玩坦太好笑了吧,"[':', ' ', 'bin', '玩坦', '太', '好笑', '了', '吧']"
: 這黑人好爛,"[':', ' ', '這', '黑人', '好爛']"
: 賓就說你不能玩這隻,"[':', ' ', '賓就', '說', '你', '不能', '玩', '這', '隻']"
: 阿bin 好雷,"[':', ' ', '阿', 'bin', ' ', '好雷']"
: 我會出手,"[':', ' ', '我會', '出手']"
: 牙速再爛後期到了還是秒AD,"[':', ' ', '牙速', '再爛後期', '到', '了', '還是', '秒', 'AD']"
: BLG上路笑死,"[':', ' ', 'BLG', '上路', '笑', '死']"
: 韓總起飛,"[':', ' ', '韓總起', '飛']"
: bin:我會出事!,"[':', ' ', 'bin', ':', '我會', '出事', '!']"
: BLG不會吧? 輸了好像會被爆破ㄟ,"[':', ' ', 'BLG', '不會', '吧', '?', ' ', '輸', '了', '好像', '會', '被', '爆破', 'ㄟ']"
: Bin剛剛不是跑掉了嗎 把jinx拉過來幹麻...,"[':', ' ', 'Bin', '剛剛', '不是', '跑掉', '了', '嗎', ' ', '把', 'jinx', '拉過', '來', '幹麻', '...']"
: Jinx準備社爛,"[':', ' ', 'Jinx', '準備', '社爛']"
: G2團戰打的比較好捏,"[':', ' ', 'G2', '團戰', '打', '的', '比', '較', '好', '捏']"
: G2好像要翻了欸,"[':', ' ', 'G2', '好像', '要', '翻', '了', '欸']"
: 笑死，BLG全員發病,"[':', ' ', '笑', '死', '，', 'BLG', '全員', '發病']"
: 我會送頭,"[':', ' ', '我會', '送頭']"
: 出手了 XD,"[':', ' ', '出手', '了', ' ', 'XD']"
: 阿賓出手帶這堆雷貨回祖國,"[':', ' ', '阿賓', '出手', '帶', '這堆', '雷貨', '回祖國']"
: 369比bin強太多了,"[':', ' ', '369', '比', 'bin', '強太多', '了']"
: 翻盤了 Bin這輩子玩不了坦的,"[':', ' ', '翻盤', '了', ' ', 'Bin', '這輩', '子玩', '不了', '坦', '的']"
: 韓總加油,"[':', ' ', '韓總', '加油']"
: Bin好醜 對線優勢被他打成團戰劣勢,"[':', ' ', 'Bin', '好醜', ' ', '對線', '優勢', '被', '他', '打成', '團戰', '劣勢']"
: 送殯,"[':', ' ', '送殯']"
: 兩個牙膏,"[':', ' ', '兩個', '牙膏']"
: 這卡桑帝應該是整個MSI最菜的,"[':', ' ', '這', '卡桑', '帝應', '該', '是', '整個', 'MSI', '最菜', '的']"
: 不是欸 nisqy玩都能秀的角色你怎玩這樣,"[':', ' ', '不是', '欸', ' ', 'nisqy', '玩', '都', '能秀', '的', '角色', '你', '怎玩', '這樣']"
: 笑死  這個梗可以用到BLG被淘汰為止欸,"[':', ' ', '笑', '死', ' ', ' ', '這個', '梗', '可以', '用到', 'BLG', '被', '淘汰', '為止', '欸']"
: 韓總今天狀態滿好的耶,"[':', ' ', '韓總', '今天', '狀態', '滿好', '的', '耶']"
: G2休息室怎麼有人龐克頭啦XDD,"[':', ' ', 'G2', '休息室', '怎麼', '有人', '龐克頭', '啦', 'XDD']"
: bin只會智障走位送頭,"[':', ' ', 'bin', '只會', '智障', '走位', '送頭']"
: jinx從天崩開局變無解耶肥-.-,"[':', ' ', 'jinx', '從', '天崩', '開局', '變無解', '耶肥', '-.-']"
: 笑死我會出殯,"[':', ' ', '笑', '死', '我會', '出殯']"
: 牙膏會黑甲嗎= =，給bin別隻吧。,"[':', ' ', '牙膏', '會', '黑甲', '嗎', '=', ' ', '=', '，', '給', 'bin', '別', '隻', '吧', '。']"
: 瞬間黑人從贏20cs變成輸15,"[':', ' ', '瞬間', '黑人', '從贏', '20cs', '變成輸', '15']"
: 後面黑甲會完全打不了Jinx喔,"[':', ' ', '後', '面', '黑甲會', '完全', '打', '不了', 'Jinx', '喔']"
: 國際禮儀送一局啦 擔心甚麼,"[':', ' ', '國際禮', '儀送', '一局', '啦', ' ', '擔心', '甚麼']"
: 615 jinx 有戲,"[':', ' ', '615', ' ', 'jinx', ' ', '有戲']"
: 88888888,"[':', ' ', '88888888']"
: 完蛋GGGGGG,"[':', ' ', '完蛋', 'GGGGGG']"
: GG,"[':', ' ', 'GG']"
: 沒了,"[':', ' ', '沒', '了']"
: 夢醒了,"[':', ' ', '夢醒', '了']"
: 這個黑甲 跟宙斯55開,"[':', ' ', '這個', '黑甲', ' ', '跟', '宙斯', '55', '開']"
: 韓總？？？,"[':', ' ', '韓總', '？', '？', '？']"
: BLG這種打法把對面當外卡一樣 活該被打爆,"[':', ' ', 'BLG', '這種', '打法', '把', '對', '面當', '外卡', '一樣', ' ', '活該', '被', '打爆']"
: 誰在bo5第一局國際禮儀的啦XDDD,"[':', ' ', '誰', '在', 'bo5', '第一局', '國際', '禮儀', '的', '啦', 'XDDD']"
: 打什麼大便www,"[':', ' ', '打什麼', '大便', 'www']"
: 夢醒了嗎,"[':', ' ', '夢醒', '了', '嗎']"
: GGGGGGGGG,"[':', ' ', 'GGGGGGGGG']"
: 夢醒了QQ,"[':', ' ', '夢醒', '了', 'QQ']"
: 還不是屌虐,"[':', ' ', '還', '不是', '屌', '虐']"
: .............,"[':', ' ', '.............']"
: 這不勾 gg人活比較好吧= =,"[':', ' ', '這不勾', ' ', 'gg', '人活', '比', '較', '好', '吧', '=', ' ', '=']"
: 亮fpx 殺人誅心,"[':', ' ', '亮', 'fpx', ' ', '殺人', '誅心']"
: 醜狗大對決,"[':', ' ', '醜狗大', '對決']"
: 死光啦G2..,"[':', ' ', '死光', '啦', 'G2', '..']"
: 到底,"[':', ' ', '到底']"
: G2真的好爛\,"[':', ' ', 'G2', '真的', '好爛', '\\']"
: Caps 看起來好好笑,"[':', ' ', 'Caps', ' ', '看起', '來', '好好笑']"
: 幹 保好你們ad好嗎 G2,"[':', ' ', '幹', ' ', '保好', '你', '們', 'ad', '好', '嗎', ' ', 'G2']"
: 這三小,"[':', ' ', '這三小']"
: 爽  揚威LPL!!!!!!!!!!!!!!!!!!!!!!!!!!!!!,"[':', ' ', '爽', ' ', ' ', '揚威', 'LPL', '!', '!', '!', '!', '!', '!', '!', '!', '!', '!', '!', '!', '!', '!', '!', '!', '!', '!', '!', '!', '!', '!', '!', '!', '!', '!', '!', '!', '!']"
: 結果G2團還是打輸了,"[':', ' ', '結果', 'G2', '團還', '是', '打輸', '了']"
: 怎麼就ACE了,"[':', ' ', '怎麼', '就', 'ACE', '了']"
: 夢醒了,"[':', ' ', '夢醒', '了']"
: 幹他媽剛推完文就被打臉 又翻了 耖,"[':', ' ', '幹', '他', '媽剛', '推', '完文', '就', '被', '打', '臉', ' ', '又', '翻', '了', ' ', '耖']"
: 夢醒囉,"[':', ' ', '夢醒', '囉']"
: 這兩隊都乖乖下去好嗎 醜到吐,"[':', ' ', '這兩隊', '都', '乖乖', '下去', '好', '嗎', ' ', '醜到', '吐']"
: 蛤== 這個能被開成這樣哦,"[':', ' ', '蛤', '=', '=', ' ', '這個', '能', '被', '開成', '這樣', '哦']"
: 本來想說能不能救吧,"[':', ' ', '本來', '想', '說', '能', '不能', '救', '吧']"
: Caps真的好爛…,"[':', ' ', 'Caps', '真的', '好爛', '…']"
: 醒囉,"[':', ' ', '醒', '囉']"
: 這次是eu劇本,"[':', ' ', '這次', '是', 'eu', '劇本']"
: 就說不行阿 CAPS沒傷害,"[':', ' ', '就', '說', '不行', '阿', ' ', 'CAPS', '沒傷害']"
: 酒桶和牙刷這配合真的爛的可以,"[':', ' ', '酒桶', '和', '牙刷', '這', '配合', '真的', '爛的', '可以']"
: G2看起來不想送輸人欸==,"[':', ' ', 'G2', '看起', '來', '不想', '送輸', '人', '欸', '=', '=']"
: 不知道誰是大哥是不是ww,"[':', ' ', '不', '知道', '誰', '是', '大哥', '是不是', 'ww']"
: Caps真的好爛 乖乖出保AD好嗎?,"[':', ' ', 'Caps', '真的', '好爛', ' ', '乖乖', '出保', 'AD', '好', '嗎', '?']"
: 兩隊真的跟前段有差距,"[':', ' ', '兩隊', '真的', '跟前', '段', '有', '差距']"
: FPX 笑死,"[':', ' ', 'FPX', ' ', '笑', '死']"
: 看來G2兩分部都要倒了 一個巴黎慘案 一個倫敦慘案,"[':', ' ', '看來', 'G2', '兩', '分部', '都', '要', '倒', '了', ' ', '一個', '巴黎', '慘案', ' ', '一個', '倫敦', '慘案']"
: 兩邊輪流送,"[':', ' ', '兩邊', '輪流', '送']"
: 被大東爽炸,"[':', ' ', '被', '大東', '爽炸']"
: CAPS老了就乖乖完冰女 加里歐,"[':', ' ', 'CAPS', '老', '了', '就', '乖乖', '完冰女', ' ', '加里', '歐']"
: 不清楚誰是大哥是不是 白痴牙索,"[':', ' ', '不', '清楚', '誰', '是', '大哥', '是不是', ' ', '白痴', '牙索']"
: 牙膏終於知道要偷貿凱大崛了,"[':', ' ', '牙膏', '終於', '知道', '要', '偷貿凱', '大', '崛', '了']"
: CAPS前面失誤太多 經濟太差 限制不了大東,"[':', ' ', 'CAPS', '前面', '失誤', '太多', ' ', '經濟', '太差', ' ', '限制', '不了', '大東']"
: 保好ad好不好= =,"[':', ' ', '保好', 'ad', '好不好', '=', ' ', '=']"
: 大家都下去啦,"[':', ' ', '大家', '都', '下去', '啦']"
: 剛誇完,"[':', ' ', '剛誇', '完']"
: CAPs 沒傷害阿，R到AD都殺不死,"[':', ' ', 'CAPs', ' ', '沒傷害', '阿', '，', 'R', '到', 'AD', '都', '殺', '不', '死']"
: 笑死全部下去 大東直接閃上去,"[':', ' ', '笑', '死', '全部', '下去', ' ', '大東', '直接', '閃', '上去']"
: 難怪你們打上位的都被幹爆,"[':', ' ', '難怪', '你', '們', '打', '上位', '的', '都', '被', '幹', '爆']"
: BLG在那邊打我以為要滅了 G2也太亂,"[':', ' ', 'BLG', '在', '那邊', '打', '我', '以', '為', '要滅', '了', ' ', 'G2', '也', '太亂']"
: G2沒了 到帳不夠多,"[':', ' ', 'G2', '沒', '了', ' ', '到', '帳不夠', '多']"
: EU觀眾真的會看到中風,"[':', ' ', 'EU', '觀眾', '真的', '會', '看到', '中風']"
: 醜狗互咬 看誰先被嘴裡的毛噎死,"[':', ' ', '醜狗互', '咬', ' ', '看', '誰', '先', '被', '嘴裡', '的', '毛噎', '死']"
: 這兩隊都打得很粗糙 翻過來翻過去XD,"[':', ' ', '這兩隊', '都', '打', '得', '很', '粗糙', ' ', '翻過', '來', '翻過', '去', 'XD']"
: Caps也是看到線就會按R的,"[':', ' ', 'Caps', '也', '是', '看到', '線', '就', '會', '按', 'R', '的']"
: 這觀眾的聲音不說還以為在中國比欸,"[':', ' ', '這觀眾', '的', '聲音', '不', '說', '還以', '為', '在', '中國', '比', '欸']"
: 兩邊互送 真有禮貌,"[':', ' ', '兩邊', '互送', ' ', '真有', '禮貌']"
: 幹 逼AD閃現找隊友,"[':', ' ', '幹', ' ', '逼', 'AD', '閃現', '找', '隊友']"
: 1133..,"[':', ' ', '1133', '..']"
: 看來要開2了,"[':', ' ', '看來', '要', '開', '2', '了']"
: 中上都在搞阿 酒桶大絕丟龍坑,"[':', ' ', '中上', '都', '在', '搞', '阿', ' ', '酒桶', '大絕', '丟龍坑']"
: 反正這兩隊誰上去都被gen打爆 送成這樣,"[':', ' ', '反正', '這兩隊', '誰', '上去', '都', '被', 'gen', '打爆', ' ', '送成', '這樣']"
: 賊克說牙膏我還以為是說左邊的牙膏==,"[':', ' ', '賊', '克', '說', '牙膏', '我', '還以', '為', '是', '說', '左邊', '的', '牙膏', '=', '=']"
: 這就是LPL 揚威LPL  打架怎麼輸?,"[':', ' ', '這', '就是', 'LPL', ' ', '揚威', 'LPL', ' ', ' ', '打架', '怎麼', '輸', '?']"
: BLG韓粉 G2韓黑,"[':', ' ', 'BLG', '韓粉', ' ', 'G2', '韓黑']"
: 不懂就問 請問這個牙刷是N1ko嗎 Ancient的那個,"[':', ' ', '不', '懂', '就問', ' ', '請問', '這個', '牙刷', '是', 'N1ko', '嗎', ' ', 'Ancient', '的', '那個']"
: 保韓總好嗎,"[':', ' ', '保韓', '總好', '嗎']"
: 濱輸出500,"[':', ' ', '濱輸出', '500']"
: 牙刷幫AD風牆會不會啊 看一下是誰在C好嗎,"[':', ' ', '牙刷', '幫', 'AD', '風牆', '會', '不會', '啊', ' ', '看', '一下', '是', '誰', '在', 'C', '好', '嗎']"
: 酒桶出永霜喔 這樣傷害確實更缺了,"[':', ' ', '酒桶', '出永霜', '喔', ' ', '這樣', '傷害', '確實', '更', '缺', '了']"
: 這兩隊當敗者組都很合理 一堆低能失誤 反觀GENG...,"[':', ' ', '這兩隊', '當敗者', '組都', '很', '合理', ' ', '一堆', '低能', '失誤', ' ', '反觀', 'GENG', '...']"
: caps怎麼那麼爛啊,"[':', ' ', 'caps', '怎麼', '那麼爛', '啊']"
: 犽宿再5死就到power spike了,"[':', ' ', '犽', '宿', '再', '5', '死', '就', '到', 'power', ' ', 'spike', '了']"
: 認真覺得BLG就很爛欸 你歐美再打不贏也太絕望.....,"[':', ' ', '認真覺', '得', 'BLG', '就', '很爛', '欸', ' ', '你', '歐美', '再', '打', '不贏', '也', '太', '絕望', '.....']"
: 機器人別再亂抓了,"[':', ' ', '機器', '人別', '再', '亂', '抓', '了']"
: 米奇：我會出手,"[':', ' ', '米奇', '：', '我會', '出手']"
: 就純菜雞互啄 BLG就算能3:0G2 也會被另外三隊3:0,"[':', ' ', '就', '純菜', '雞互', '啄', ' ', 'BLG', '就算', '能', '3', ':', '0G2', ' ', '也', '會', '被', '另外', '三隊', '3', ':', '0']"
: 好歹留下一隊做最後希望吧==,"[':', ' ', '好歹', '留下', '一隊', '做', '最', '後', '希望', '吧', '=', '=']"
: 其實抓的還行啦,"[':', ' ', '其實', '抓', '的', '還行', '啦']"
: EU打LPL這樣 根本不合格,"[':', ' ', 'EU', '打', 'LPL', '這樣', ' ', '根本', '不', '合格']"
: ？,"[':', ' ', '？']"
: ?,"[':', ' ', '?']"
: 笑死 離譜,"[':', ' ', '笑', '死', ' ', '離譜']"
: 有隊150顆骰子，g2至少60顆,"[':', ' ', '有隊', '150', '顆', '骰子', '，', 'g2', '至少', '60', '顆']"
: 那個不是海科斯閃吧?,"[':', ' ', '那個', '不是', '海', '科斯', '閃', '吧', '?']"
: 離譜了,"[':', ' ', '離譜', '了']"
: 按掉才有海克斯閃，懂?,"[':', ' ', '按掉', '才', '有海', '克斯', '閃', '，', '懂', '?']"
: 一直把牙宿講成牙膏  很亂欸,"[':', ' ', '一直', '把', '牙宿', '講成', '牙膏', ' ', ' ', '很亂', '欸']"
: 做做效果,"[':', ' ', '做做', '效果']"
: 破腦發育不錯 但不是坦酒桶,"[':', ' ', '破腦', '發育', '不錯', ' ', '但', '不是', '坦', '酒桶']"
: 靠 閃現上來啦,"[':', ' ', '靠', ' ', '閃現', '上', '來', '啦']"
: 甚麼玩意,"[':', ' ', '甚麼', '玩意']"
: 逼閃了,"[':', ' ', '逼', '閃', '了']"
: 不是阿  他忘了XD,"[':', ' ', '不是', '阿', ' ', ' ', '他', '忘', '了', 'XD']"
: 我看今天有機會被gg摸到一把,"[':', ' ', '我', '看', '今天', '有', '機會', '被', 'gg', '摸', '到', '一把']"
: 他會不會以為自己是海克斯閃,"[':', ' ', '他會', '不會', '以', '為', '自己', '是', '海', '克斯', '閃']"
: 笑死XD,"[':', ' ', '笑', '死', 'XD']"
: 沒注意到CD好了,"[':', ' ', '沒', '注意', '到', 'CD', '好', '了']"
: 可能按到CD到閃出去了吧,"[':', ' ', '可能', '按到', 'CD', '到', '閃', '出去', '了', '吧']"
: 骰子大戰,"[':', ' ', '骰子', '大戰']"
: Caps 的裝有夠爛,"[':', ' ', 'Caps', ' ', '的', '裝有', '夠爛']"
: CapsD裝太爛 不然G2這時間應該很好打,"[':', ' ', 'CapsD', '裝太爛', ' ', '不然', 'G2', '這時間', '應該', '很', '好', '打']"
: Caps沒無盡前這樣碰好嗎,"[':', ' ', 'Caps', '沒無盡前', '這樣', '碰好', '嗎']"
: 好快,"[':', ' ', '好快']"
: Craps 23分鐘長這樣 我上我也行,"[':', ' ', 'Craps', ' ', '23', '分鐘長', '這樣', ' ', '我', '上', '我', '也', '行']"
: 挖 大爆炸,"[':', ' ', '挖', ' ', '大', '爆炸']"
: 靠夭阿,"[':', ' ', '靠', '夭', '阿']"
: 白癡G2,"[':', ' ', '白', '癡', 'G2']"
: 死亡巴龍,"[':', ' ', '死亡', '巴龍']"
: 完辣,"[':', ' ', '完辣']"
: 88888888,"[':', ' ', '88888888']"
: 大東打好爽,"[':', ' ', '大東', '打', '好爽']"
: 死光,"[':', ' ', '死光']"
: 8888888888,"[':', ' ', '8888888888']"
: 失敗的巴龍,"[':', ' ', '失敗', '的', '巴龍']"
: LEC變得好可悲,"[':', ' ', 'LEC', '變得', '好', '可悲']"
: 爆炸,"[':', ' ', '爆炸']"
: 自殺巴龍團 這我看過,"[':', ' ', '自殺', '巴龍團', ' ', '這我', '看過']"
: 煙火秀,"[':', ' ', '煙火秀']"
: 被煙火炸爛 笑死,"[':', ' ', '被', '煙', '火炸爛', ' ', '笑', '死']"
: TES巴龍 掰掰G2,"[':', ' ', 'TES', '巴龍', ' ', '掰掰', 'G2']"
: GG…死亡巴龍,"[':', ' ', 'GG', '…', '死亡', '巴龍']"
: 大東直接放煙火,"[':', ' ', '大東', '直接', '放煙火']"
: GG 巴龍體驗卡,"[':', ' ', 'GG', ' ', '巴龍', '體驗', '卡']"
:  白癡摳,"[':', ' ', ' ', '白', '癡', '摳']"
: 白癡G2,"[':', ' ', '白', '癡', 'G2']"
: 哈哈吃很快 倒更快,"[':', ' ', '哈哈', '吃', '很快', ' ', '倒', '更', '快']"
: 笑死 巴龍有毒,"[':', ' ', '笑', '死', ' ', '巴龍', '有毒']"
: 幹 caps風牆是不是亂丟,"[':', ' ', '幹', ' ', 'caps', '風牆', '是不是', '亂', '丟']"
: 吃的速度快 倒的速度更快,"[':', ' ', '吃', '的', '速度', '快', ' ', '倒', '的', '速度', '更', '快']"
: 爽爽爽爽爽爽爽  揚威LPL!!!!!!!!!!!!!!!!!!!!,"[':', ' ', '爽', '爽爽爽', '爽爽爽', ' ', ' ', '揚威', 'LPL', '!', '!', '!', '!', '!', '!', '!', '!', '!', '!', '!', '!', '!', '!', '!', '!', '!', '!', '!', '!']"
: XDDDDDDDDDDDDDDDDDDDD,"[':', ' ', 'XDDDDDDDDDDDDDDDDDDDD']"
: 吃的快死的也快,"[':', ' ', '吃', '的', '快', '死', '的', '也', '快']"
: ???,"[':', ' ', '?', '?', '?']"
: 特！,"[':', ' ', '特', '！']"
: 笑死哈哈哈哈哈哈哈,"[':', ' ', '笑', '死', '哈哈哈哈', '哈哈哈']"
: 怎麼都是藍槍被打= =,"[':', ' ', '怎麼', '都', '是', '藍槍', '被', '打', '=', ' ', '=']"
: 特！,"[':', ' ', '特', '！']"
: 特！,"[':', ' ', '特', '！']"
: 特,"[':', ' ', '特']"
: 牙膏搞啥阿,"[':', ' ', '牙膏', '搞', '啥', '阿']"
: 牙膏 XDDDD,"[':', ' ', '牙膏', ' ', 'XDDDD']"
: 特！,"[':', ' ', '特', '！']"
: 特,"[':', ' ', '特']"
: 這什麼鬼,"[':', ' ', '這什麼', '鬼']"
: 特!,"[':', ' ', '特', '!']"
: 白癡牙膏,"[':', ' ', '白', '癡', '牙膏']"
: 特！,"[':', ' ', '特', '！']"
: 特,"[':', ' ', '特']"
: Caps的W?,"[':', ' ', 'Caps', '的', 'W', '?']"
: 牙膏真的好爛==,"[':', ' ', '牙膏', '真的', '好爛', '=', '=']"
: 笑死 這兩隊真的娛樂,"[':', ' ', '笑', '死', ' ', '這兩隊', '真的', '娛樂']"
: 特!,"[':', ' ', '特', '!']"
: 特！！！,"[':', ' ', '特', '！', '！', '！']"
: G2好爛,"[':', ' ', 'G2', '好爛']"
: 牙膏好醜,"[':', ' ', '牙膏', '好醜']"
: 怎麼還有重擊阿XDDD,"[':', ' ', '怎麼', '還有', '重擊', '阿', 'XDDD']"
: 我要被笑死了這三小阿哈哈哈哈,"[':', ' ', '我要', '被', '笑', '死', '了', '這三小', '阿', '哈哈哈哈']"
: 笑死 G2被AOE名場面+1,"[':', ' ', '笑', '死', ' ', 'G2', '被', 'AOE', '名場面', '+', '1']"
: 笑死 送700,"[':', ' ', '笑', '死', ' ', '送', '700']"
: 特!,"[':', ' ', '特', '!']"
: 牙膏好好笑XDDDDDDDDDDDDDDDDDDDDDDDD,"[':', ' ', '牙膏', '好好笑', 'XDDDDDDDDDDDDDDDDDDDDDDDD']"
: 這場到底是個啥阿,"[':', ' ', '這場', '到底', '是', '個', '啥', '阿']"
: 笑死,"[':', ' ', '笑', '死']"
: 好好笑,"[':', ' ', '好好笑']"
: 特!,"[':', ' ', '特', '!']"
: 特！,"[':', ' ', '特', '！']"
: 幹，五個人站在裡面讓大東雙開,"[':', ' ', '幹', '，', '五個', '人', '站', '在', '裡面', '讓', '大東', '雙開']"
: 不講武德阿 直接重,"[':', ' ', '不講', '武德', '阿', ' ', '直接', '重']"
: 回頭去被特！掉了,"[':', ' ', '回頭', '去', '被', '特', '！', '掉', '了']"
: 兩邊牙膏都好爛,"[':', ' ', '兩邊', '牙膏', '都', '好爛']"
: 兩邊都在失智,"[':', ' ', '兩邊', '都', '在', '失智']"
: 牙膏 特,"[':', ' ', '牙膏', ' ', '特']"
: 這什麼事白癡團 進去龍坑被放煙火,"[':', ' ', '這什麼', '事白', '癡', '團', ' ', '進去', '龍坑', '被', '放煙火']"
: 特！,"[':', ' ', '特', '！']"
: 被懲了,"[':', ' ', '被懲', '了']"
: 牙膏真除,"[':', ' ', '牙膏', '真除']"
: 風牆亂丟  不擋大要打個GG,"[':', ' ', '風牆', '亂', '丟', ' ', ' ', '不擋', '大要', '打個', 'GG']"
: 兩個牙膏,"[':', ' ', '兩個', '牙膏']"
: 被特！掉了,"[':', ' ', '被', '特', '！', '掉', '了']"
: xddd重擊,"[':', ' ', 'xddd', '重擊']"
: 重擊XDD,"[':', ' ', '重擊', 'XDD']"
: 做局給大東 笑死,"[':', ' ', '做局', '給大東', ' ', '笑', '死']"
: 幹 這個特！真的好好笑,"[':', ' ', '幹', ' ', '這個', '特', '！', '真的', '好好笑']"
: 特！,"[':', ' ', '特', '！']"
: 特 !,"[':', ' ', '特', ' ', '!']"
: 那天打京東ELK被虐爛 啊今天ELK虐爛G2 笑死,"[':', ' ', '那天', '打京東', 'ELK', '被', '虐爛', ' ', '啊', '今天', 'ELK', '虐爛', 'G2', ' ', '笑', '死']"
: 笑死,"[':', ' ', '笑', '死']"
: 煙火開炸,"[':', ' ', '煙火', '開炸']"
: 牙膏笑死,"[':', ' ', '牙膏', '笑', '死']"
: 特！,"[':', ' ', '特', '！']"
: 笑死了,"[':', ' ', '笑', '死', '了']"
: 牙膏超好笑,"[':', ' ', '牙膏', '超', '好笑']"
: 被特死真的超好笑wwwwww,"[':', ' ', '被', '特死', '真的', '超', '好笑', 'wwwwww']"
: 什麼白癡站位，大東R下去，直接歸西,"[':', ' ', '什麼', '白', '癡', '站位', '，', '大東', 'R', '下去', '，', '直接', '歸西']"
: 沒事啦 頭給大東 不虧,"[':', ' ', '沒事', '啦', ' ', '頭給', '大東', ' ', '不虧']"
: 這風牆真他媽爛,"[':', ' ', '這風牆', '真', '他', '媽爛']"
: 不是阿 吃完趕快下牆好嗎==,"[':', ' ', '不是', '阿', ' ', '吃', '完', '趕快', '下牆', '好', '嗎', '=', '=']"
: Caps 風牆不會放,"[':', ' ', 'Caps', ' ', '風牆', '不會放']"
: 感覺她們只能朝外面拉 打完接團 往圈內拉超慘,"[':', ' ', '感覺', '她', '們', '只能', '朝', '外面', '拉', ' ', '打完', '接團', ' ', '往圈', '內拉超慘']"
: 酒桶是不是空大,"[':', ' ', '酒桶', '是不是', '空', '大']"
: 牙刷會玩，大東煙火就直接吃掉了吧,"[':', ' ', '牙刷', '會', '玩', '，', '大東', '煙火', '就', '直接', '吃掉', '了', '吧']"
: 風牆亂放，caps真的超爛,"[':', ' ', '風牆', '亂', '放', '，', 'caps', '真的', '超爛']"
: G2名場面+1,"[':', ' ', 'G2', '名場面', '+', '1']"
: 酒桶還空大==,"[':', ' ', '酒桶', '還空大', '=', '=']"
: 這牆 放太早了,"[':', ' ', '這牆', ' ', '放太早', '了']"
: craps亂放風牆,"[':', ' ', 'craps', '亂放風牆']"
: 牙宿還銅閃,"[':', ' ', '牙宿', '還銅', '閃']"
: 風強檔個寂寞,"[':', ' ', '風強', '檔個', '寂寞']"
: 要海嘯啦…,"[':', ' ', '要海嘯', '啦', '…']"
: caps也變太爛了吧= =,"[':', ' ', 'caps', '也', '變太爛', '了', '吧', '=', ' ', '=']"
: Caps有夠鳥 風牆咧,"[':', ' ', 'Caps', '有夠', '鳥', ' ', '風牆', '咧']"
: 這樣的G2屌打PSG  差低,"[':', ' ', '這樣', '的', 'G2', '屌', '打', 'PSG', ' ', ' ', '差低']"
: 建設,"[':', ' ', '建設']"
: 是不是要開2了==,"[':', ' ', '是不是', '要開', '2', '了', '=', '=']"
: Caps你好爛= =,"[':', ' ', 'Caps', '你好', '爛', '=', ' ', '=']"
: 整個MSI 都Craps在雷啊,"[':', ' ', '整個', 'MSI', ' ', '都', 'Craps', '在', '雷', '啊']"
: CAPS打得贏U寶嗎,"[':', ' ', 'CAPS', '打得贏', 'U', '寶嗎']"
: 只要當大東大招就好,"[':', ' ', '只要', '當大東', '大招', '就', '好']"
: 這場CAPS的問題很大,"[':', ' ', '這場', 'CAPS', '的', '問題', '很大']"
: G2又有名場面截圖了，我怎麼會說又呢,"[':', ' ', 'G2', '又', '有名', '場面', '截圖', '了', '，', '我', '怎麼', '會', '說', '又', '呢']"
: 一定開2了吧,"[':', ' ', '一定', '開', '2', '了', '吧']"
: Craps是想跟CS分部一起回家膩,"[':', ' ', 'Craps', '是', '想', '跟', 'CS', '分部', '一起', '回家', '膩']"
: 中路有夠爛,"[':', ' ', '中路', '有', '夠爛']"
: 終於有無盡 但對面戴帽子了,"[':', ' ', '終於有', '無', '盡', ' ', '但', '對面', '戴帽子', '了']"
: 大東太爽了吧 五個人擠龍池放藍刀R,"[':', ' ', '大東', '太爽了', '吧', ' ', '五個', '人', '擠龍池', '放藍刀', 'R']"
: 這場兩個牙膏都跟屎一樣,"[':', ' ', '這場', '兩個', '牙膏', '都', '跟', '屎', '一樣']"
: elk前兩個bo那鳥樣 這場又像戰神一樣 全靠對面襯托,"[':', ' ', 'elk', '前', '兩個', 'bo', '那鳥樣', ' ', '這場', '又', '像', '戰神', '一樣', ' ', '全靠', '對面', '襯托']"
: 那風牆是在放三小,"[':', ' ', '那風牆', '是', '在', '放三小']"
: 他風牆打到絕對有勝算,"[':', ' ', '他', '風牆', '打到', '絕對', '有', '勝算']"
: CAPS有風牆的話 已經反打了,"[':', ' ', 'CAPS', '有風牆', '的', '話', ' ', '已經', '反', '打', '了']"
: CAPS狀態到底多差= =,"[':', ' ', 'CAPS', '狀態', '到底', '多差', '=', ' ', '=']"
: Caps也沒落了嗎,"[':', ' ', 'Caps', '也', '沒落', '了', '嗎']"
: 剛剛風牆放好點就贏了,"[':', ' ', '剛剛', '風牆', '放好點', '就', '贏了']"
: Caps真的好爛R,"[':', ' ', 'Caps', '真的', '好爛', 'R']"
: Caps 超爛,"[':', ' ', 'Caps', ' ', '超爛']"
: ID遮起來以為這犽宿是小呆瓜,"[':', ' ', 'ID', '遮起', '來', '以', '為', '這', '犽', '宿', '是', '小', '呆', '瓜']"
: 不行了..真的好爛,"[':', ' ', '不行', '了', '..', '真的', '好爛']"
: 靠韓總的不躺好,"[':', ' ', '靠', '韓總', '的', '不', '躺', '好']"
: 整個MSI誰打不贏U寶的,"[':', ' ', '整個', 'MSI', '誰', '打', '不贏', 'U', '寶的']"
: 別說這場了 春季到msi craps都在狂搞,"[':', ' ', '別說', '這場', '了', ' ', '春季', '到', 'msi', ' ', 'craps', '都', '在', '狂', '搞']"
: 啊哈…,"[':', ' ', '啊哈', '…']"
: 要開2了 幹==,"[':', ' ', '要開', '2', '了', ' ', '幹', '=', '=']"
: 韓總盡力了,"[':', ' ', '韓總盡力', '了']"
: 這就是LPL!!!!!!!!!!!!!!!!  屌打EU  爽,"[':', ' ', '這', '就是', 'LPL', '!', '!', '!', '!', '!', '!', '!', '!', '!', '!', '!', '!', '!', '!', '!', '!', ' ', ' ', '屌', '打', 'EU', ' ', ' ', '爽']"
: 大樹盡力了QQ,"[':', ' ', '大樹', '盡力', '了', 'QQ']"
: craps真的是壞了嗎QQ,"[':', ' ', 'craps', '真的', '是', '壞', '了', '嗎', 'QQ']"
: 可憐 都沒人保韓總,"[':', ' ', '可憐', ' ', '都', '沒人', '保韓', '總']"
: 大東沒死就一波了,"[':', ' ', '大東', '沒', '死', '就', '一波', '了']"
: 4,"[':', ' ', '4']"
: 終於砍了一次,"[':', ' ', '終於', '砍', '了', '一次']"
: Elk不按金人哦,"[':', ' ', 'Elk', '不', '按金', '人', '哦']"
: caps牆每次都早開 看一下再即時反應很難嗎,"[':', ' ', 'caps', '牆', '每次', '都', '早開', ' ', '看', '一下', '再', '即', '時', '反應', '很', '難', '嗎']"
: craps也就打u寶能秀,"[':', ' ', 'craps', '也', '就', '打', 'u', '寶能秀']"
: caps真的退化到太離譜了...,"[':', ' ', 'caps', '真的', '退化', '到', '太離', '譜', '了', '...']"
: 韓總QQ,"[':', ' ', '韓總', 'QQ']"
: 牙宿爛死,"[':', ' ', '牙宿爛', '死']"
: == 看得好痛苦 趕快3：0,"[':', ' ', '=', '=', ' ', '看得', '好', '痛苦', ' ', '趕快', '3', '：', '0']"
: 送1000 伏筆嗎,"[':', ' ', '送', '1000', ' ', '伏筆', '嗎']"
: Caps 這狀態該退休了,"[':', ' ', 'Caps', ' ', '這狀態', '該', '退休', '了']"
: ELK已經夠爛了,"[':', ' ', 'ELK', '已經', '夠爛', '了']"
: U寶讓Caps跟神一樣,"[':', ' ', 'U', '寶讓', 'Caps', '跟', '神一樣']"
: CAPS現在退化到外卡水準了,"[':', ' ', 'CAPS', '現在', '退化', '到', '外卡', '水準', '了']"
: G2要不要買DK二隊的中野,"[':', ' ', 'G2', '要', '不要', '買', 'DK', '二隊', '的', '中野']"
: Caps你才23欸= =,"[':', ' ', 'Caps', '你', '才', '23', '欸', '=', ' ', '=']"
: CAPS還是屌打外卡啦 但主要賽區就真的不行,"[':', ' ', 'CAPS', '還是', '屌', '打', '外卡', '啦', ' ', '但', '主要', '賽區', '就', '真的', '不行']"
: CAPS現在連U寶都打不贏 令人唏噓...,"[':', ' ', 'CAPS', '現在連', 'U', '寶都', '打不贏', ' ', '令人', '唏噓', '...']"
: 只能虐u寶而已,"[':', ' ', '只能', '虐', 'u', '寶', '而已']"
: caps的地板 已經是台港澳賽區所有中路選手的天花板,"[':', ' ', 'caps', '的', '地板', ' ', '已經', '是', '台港澳', '賽區', '所有', '中路', '選手', '的', '天花板']"
: ELK爛也是要看對手 虐虐外卡還是可以的,"[':', ' ', 'ELK', '爛', '也', '是', '要', '看', '對', '手', ' ', '虐虐', '外卡', '還是', '可以', '的']"
: 這絕對是Craps有史以來最糟糕的時期 爛的沒話講,"[':', ' ', '這絕', '對', '是', 'Craps', '有史', '以來', '最', '糟糕', '的', '時期', ' ', '爛的', '沒話講']"
: 那也沒辦法,"[':', ' ', '那', '也', '沒', '辦法']"
: caps 真的很爛 退化真慘,"[':', ' ', 'caps', ' ', '真的', '很爛', ' ', '退化', '真慘']"
: 左手>>>>>>>牙膏>>>>>>Caps>>>>>>U寶,"[':', ' ', '左手', '>', '>', '>', '>', '>', '>', '>', '牙膏', '>', '>', '>', '>', '>', '>', 'Caps', '>', '>', '>', '>', '>', '>', 'U', '寶']"
: 盜版酒桶屌打正版,"[':', ' ', '盜版', '酒桶', '屌', '打', '正版']"
: G2這套BP還選的不錯 但關鍵就是牙宿不能崩,"[':', ' ', 'G2', '這套', 'BP', '還選', '的', '不錯', ' ', '但', '關鍵', '就是', '牙宿', '不能', '崩']"
: 大東好痛,"[':', ' ', '大東', '好', '痛']"
: GGGGGGGGGG,"[':', ' ', 'GGGGGGGGGG']"
: 酒桶世界軟,"[':', ' ', '酒桶', '世界', '軟']"
: G2的大絕真好用,"[':', ' ', 'G2', '的', '大絕', '真', '好', '用']"
: 韓總盡力了...,"[':', ' ', '韓總盡力', '了', '...']"
: gg,"[':', ' ', 'gg']"
: 8888888,"[':', ' ', '8888888']"
: 一堆金人 推平了,"[':', ' ', '一堆', '金', '人', ' ', '推平', '了']"
: GG,"[':', ' ', 'GG']"
: GGG,"[':', ' ', 'GGG']"
: 完啦 是不是要開2,"[':', ' ', '完', '啦', ' ', '是不是', '要開', '2']"
: Elk又猛起來了,"[':', ' ', 'Elk', '又', '猛起', '來', '了']"
: 可惜韓總這場不錯,"[':', ' ', '可惜', '韓總', '這場', '不錯']"
: 牙膏差距,"[':', ' ', '牙膏', '差距']"
: craps,"[':', ' ', 'craps']"
: 出事啦,"[':', ' ', '出事', '啦']"
: 中上太爛了,"[':', ' ', '中上', '太爛', '了']"
: elk跟戰神一樣,"[':', ' ', 'elk', '跟', '戰神', '一樣']"
: 一定開2了,"[':', ' ', '一定', '開', '2', '了']"
: 1/7/6,"[':', ' ', '1', '/', '7', '/', '6']"
: 176,"[':', ' ', '176']"
: 媽寶現在應該比caps強吧,"[':', ' ', '媽寶現', '在', '應該', '比', 'caps', '強吧']"
: 可惜韓總最後跟樹人沒配合好,"[':', ' ', '可惜', '韓總', '最', '後', '跟', '樹人', '沒', '配合', '好']"
: 好爽 這就是LPL!!!!　LPL中遊隊伍 BLG都屌打EU,"[':', ' ', '好爽', ' ', '這', '就是', 'LPL', '!', '!', '!', '!', '\u3000', 'LPL', '中遊', '隊伍', ' ', 'BLG', '都', '屌', '打', 'EU']"
: ELK跟戰神一樣，G2你好爛==,"[':', ' ', 'ELK', '跟', '戰神', '一樣', '，', 'G2', '你好', '爛', '=', '=']"
: 176,"[':', ' ', '176']"
: Caps真的好戳,"[':', ' ', 'Caps', '真的', '好', '戳']"
: 176牙膏,"[':', ' ', '176', '牙膏']"
: Craps成功讓LOL分部也要回家了,"[':', ' ', 'Craps', '成功', '讓', 'LOL', '分部', '也', '要', '回家', '了']"
: 176,"[':', ' ', '176']"
: BB和Caps這場太爛了,"[':', ' ', 'BB', '和', 'Caps', '這場', '太爛', '了']"
: 別鬧了 媽寶,"[':', ' ', '別鬧', '了', ' ', '媽寶']"
: 笑死  對面中路的酒桶還比G2的酒桶強,"[':', ' ', '笑', '死', ' ', ' ', '對面', '中路', '的', '酒桶', '還比', 'G2', '的', '酒桶', '強']"
: 比打團真的比不過,"[':', ' ', '比', '打團', '真的', '比不過']"
: 不到30分 已經算虐了 哀哀哀哀,"[':', ' ', '不到', '30', '分', ' ', '已', '經算虐', '了', ' ', '哀哀', '哀哀']"
: 好猛喔,"[':', ' ', '好', '猛', '喔']"
: 就是不四保一,"[':', ' ', '就是', '不四保', '一']"
: Elk的自信都要回來了,"[':', ' ', 'Elk', '的', '自信', '都', '要', '回來', '了']"
: Caps乖乖玩工具人好嗎,"[':', ' ', 'Caps', '乖乖', '玩', '工具', '人好', '嗎']"
: BB 今天骰到1嗎...,"[':', ' ', 'BB', ' ', '今天', '骰到', '1', '嗎', '...']"
: 牙膏大招放得都不錯,"[':', ' ', '牙膏', '大招', '放得', '都', '不錯']"
: 輕鬆屌虐,"[':', ' ', '輕', '鬆', '屌', '虐']"
: 韓總C不動,"[':', ' ', '韓總', 'C', '不動']"
: FPX,"[':', ' ', 'FPX']"
: caps有夠爛 難怪今年g2只有第三= =,"[':', ' ', 'caps', '有', '夠爛', ' ', '難怪', '今年', 'g2', '只有', '第三', '=', ' ', '=']"
: 帽子這場純粹在搞笑的，小呆瓜級別的風男,"[':', ' ', '帽子', '這場', '純粹', '在', '搞笑', '的', '，', '小呆瓜級', '別', '的', '風', '男']"
: BB玩其他還有救 Caps這次MSI超爛,"[':', ' ', 'BB', '玩', '其他', '還', '有救', ' ', 'Caps', '這次', 'MSI', '超爛']"
: caps 真的好爛...,"[':', ' ', 'caps', ' ', '真的', '好爛', '...']"
: G2下路確實比較強 但是Caps爛到笑,"[':', ' ', 'G2', '下路', '確實', '比', '較強', ' ', '但是', 'Caps', '爛到', '笑']"
: Caps真的很爛,"[':', ' ', 'Caps', '真的', '很爛']"
: Caps這屆真的太慘,"[':', ' ', 'Caps', '這屆', '真的', '太慘']"
: 牙膏狀態已經夠爛了 打caps 直接屌打,"[':', ' ', '牙膏', '狀態', '已', '經夠', '爛了', ' ', '打', 'caps', ' ', '直接', '屌', '打']"
: 12/2/12 這是前天被尺帝虐殺的AD?,"[':', ' ', '12', '/', '2', '/', '12', ' ', '這是', '前天', '被', '尺帝', '虐', '殺', '的', 'AD', '?']"
: 不會酒桶配牙膏不要亂選欸,"[':', ' ', '不會', '酒桶', '配', '牙膏', '不要', '亂選', '欸']"
: 爛尾,"[':', ' ', '爛尾']"
: g2的牙膏好爛,"[':', ' ', 'g2', '的', '牙膏', '好爛']"
: 輕輕鬆鬆 BLG送錢 爽,"[':', ' ', '輕', '輕', '鬆', '鬆', ' ', 'BLG', '送', '錢', ' ', '爽']"
: Yagoo有用太多 雖然還是會送,"[':', ' ', 'Yagoo', '有用', '太', '多', ' ', '雖然', '還是', '會', '送']"
: 雖然不如ruler但elk也夠強了,"[':', ' ', '雖然', '不如', 'ruler', '但', 'elk', '也', '夠強', '了']"
: caps連牙膏都打不贏==,"[':', ' ', 'caps', '連', '牙膏', '都', '打', '不贏', '=', '=']"
: G2現在怎麼可以爛成這樣..........,"[':', ' ', 'G2', '現在', '怎麼', '可以', '爛成', '這樣', '..........']"
: 韓總這把很盡力了，Caps真的太戳==,"[':', ' ', '韓總', '這把', '很', '盡力', '了', '，', 'Caps', '真的', '太', '戳', '=', '=']"
: Caps還是工具人吧 刀客沒經濟真的好爛,"[':', ' ', 'Caps', '還是', '工具', '人', '吧', ' ', '刀客', '沒經濟', '真的', '好爛']"
: G2連打最爛的都被虐成這樣 不敢想C9會怎樣被虐,"[':', ' ', 'G2', '連打', '最爛', '的', '都', '被', '虐成', '這樣', ' ', '不敢', '想', 'C9', '會', '怎樣', '被', '虐']"
: Caps 亂放風牆放到輸,"[':', ' ', 'Caps', ' ', '亂放風牆', '放到', '輸']"
: Elk亂殺G2笑死,"[':', ' ', 'Elk', '亂', '殺', 'G2', '笑', '死']"
: 牙膏亮fpx是在勾起caps s9回憶嗎,"[':', ' ', '牙膏', '亮', 'fpx', '是', '在', '勾起', 'caps', ' ', 's9', '回憶', '嗎']"
: 緊急徵召壞掉的腎和單數腰子,"[':', ' ', '緊急', '徵召', '壞', '掉', '的', '腎', '和', '單數', '腰子']"
: Caps可能以為對手是PSG 快樂風男,"[':', ' ', 'Caps', '可能', '以為', '對', '手', '是', 'PSG', ' ', '快樂風', '男']"
: caps爛死，被牙膏屌打,"[':', ' ', 'caps', '爛死', '，', '被', '牙膏', '屌', '打']"
: 爛成這樣到底怎敢選牙速,"[':', ' ', '爛成', '這樣', '到底', '怎敢', '選牙速']"
: 369說BLG強度跟GEN T1一樣啊,"[':', ' ', '369', '說', 'BLG', '強度', '跟', 'GEN', ' ', 'T1', '一樣', '啊']"
: 以為bin在練黑甲 結果是Caps在練風男==,"[':', ' ', '以為', 'bin', '在', '練', '黑甲', ' ', '結果', '是', 'Caps', '在', '練風', '男', '=', '=']"
: 韓總的jinx醜到不行,"[':', ' ', '韓總', '的', 'jinx', '醜到', '不行']"
: BLG真沒很強但是歐美還是打不過,"[':', ' ', 'BLG', '真', '沒', '很強', '但是', '歐美', '還是', '打不過']"
: 好了拉歐洲 放棄吧 贏可以打到輸 沒救了Zzz,"[':', ' ', '好', '了', '拉', '歐洲', ' ', '放棄', '吧', ' ', '贏', '可以', '打到', '輸', ' ', '沒救', '了', 'Zzz']"
: 感覺中路隨便一隻都比牙刷好,"[':', ' ', '感覺', '中路', '隨便', '一', '隻', '都', '比', '牙刷', '好']"
: 這犽宿玩得跟屎一樣,"[':', ' ', '這', '犽', '宿', '玩', '得', '跟', '屎', '一', '樣']"
: 公雞頭,"[':', ' ', '公雞頭']"
: 還在那邊再遇到Gen會贏 贏個屌啦,"[':', ' ', '還在', '那邊', '再', '遇到', 'Gen', '會贏', ' ', '贏個', '屌', '啦']"
: Bin 選坦都能贏的世界線 G2還是乖乖回家吧,"[':', ' ', 'Bin', ' ', '選坦', '都', '能贏', '的', '世界', '線', ' ', 'G2', '還是', '乖乖', '回家吧']"
: 犽宿真的要選還是給上路玩吧 Caps去玩酒桶,"[':', ' ', '犽', '宿', '真的', '要選', '還是給', '上路', '玩吧', ' ', 'Caps', '去', '玩', '酒桶']"
: 牙膏已經是四隊中韓最菜跟狀態最低迷的了,"[':', ' ', '牙膏', '已經', '是', '四隊', '中韓', '最菜', '跟', '狀態', '最', '低迷', '的', '了']"
: 酒桶換個出裝感覺會更好 永霜沒傷害又沒坦度,"[':', ' ', '酒桶', '換個', '出裝感', '覺會', '更好', ' ', '永霜', '沒', '傷害', '又', '沒坦度']"
: Jinx六個頭開局，還能輸這麼慘,"[':', ' ', 'Jinx', '六個頭', '開局', '，', '還能輸', '這麼慘']"
: 韓總盡力局,"[':', ' ', '韓總盡', '力局']"
: 不然369能說BLG比較爛嗎,"[':', ' ', '不然', '369', '能', '說', 'BLG', '比', '較爛', '嗎']"
: 阿BIN這把存在感不高,"[':', ' ', '阿', 'BIN', '這把', '存在', '感不高']"
: 也沒有贏玩到輸 其實整場經濟都被壓著打==,"[':', ' ', '也', '沒', '有', '贏玩到', '輸', ' ', '其實', '整場', '經濟', '都', '被', '壓著', '打', '=', '=']"
: G2應該還是能偷到一場啦 兩隊都打超爛,"[':', ' ', 'G2', '應該', '還是', '能', '偷', '到', '一場', '啦', ' ', '兩隊', '都', '打', '超爛']"
: BLG打得有夠爛 還是輕鬆贏G2,"[':', ' ', 'BLG', '打得', '有', '夠爛', ' ', '還是', '輕', '鬆', '贏', 'G2']"
: Craps爛成這樣 真的是可以考慮退役了耶= =,"[':', ' ', 'Craps', '爛成', '這樣', ' ', '真的', '是', '可以', '考慮', '退役', '了', '耶', '=', ' ', '=']"
: 只是中間有一度以為要翻了 馬上又送回去==,"[':', ' ', '只是', '中間', '有', '一度', '以為', '要', '翻', '了', ' ', '馬', '上', '又', '送', '回去', '=', '=']"
: 韓總要這樣打 不如整場躲遠用w,"[':', ' ', '韓總要', '這樣', '打', ' ', '不如', '整場', '躲', '遠用', 'w']"
: CAPS老了就乖乖完冰女 加里歐,"[':', ' ', 'CAPS', '老', '了', '就', '乖乖', '完冰女', ' ', '加里', '歐']"
: 他巴龍那波扣風牆擋大就贏了,"[':', ' ', '他巴龍', '那波扣', '風牆', '擋', '大', '就', '贏了']"
: 又比較強了,"[':', ' ', '又', '比', '較強', '了']"
: 啊caps真的… 怎麼會這樣…,"[':', ' ', '啊', 'caps', '真的', '…', ' ', '怎麼', '會', '這樣', '…']"
: UBAO都沒退役了 為甚麼要CAPS退役,"[':', ' ', 'UBAO', '都', '沒', '退役', '了', ' ', '為', '甚麼', '要', 'CAPS', '退役']"
: 複數帽子真的好菜,"[':', ' ', '複', '數', '帽子', '真的', '好菜']"
: 阿彬奎桑提偏混啊 跟369左手的有差,"[':', ' ', '阿彬奎桑', '提偏', '混', '啊', ' ', '跟', '369', '左手', '的', '有', '差']"
: C9打Gen不知道有沒有機會比MAD打T1慘,"[':', ' ', 'C9', '打', 'Gen', '不', '知道', '有', '沒', '有', '機會', '比', 'MAD', '打', 'T1', '慘']"
: G2加油一點啦,"[':', ' ', 'G2', '加油', '一點', '啦']"
: 當年東山口中的CAPS已經是往事了,"[':', ' ', '當年', '東', '山口', '中', '的', 'CAPS', '已經', '是', '往事', '了']"
: 裝備不好就算了 連風牆都放不好,"[':', ' ', '裝備', '不好', '就算', '了', ' ', '連風牆', '都', '放', '不好']"
: 看到craps選carry角=輸,"[':', ' ', '看到', 'craps', '選', 'carry', '角', '=', '輸']"
: C9大概率是被車過去三把吧,"[':', ' ', 'C9', '大', '概率', '是', '被', '車過', '去', '三', '把', '吧']"
: BLG每輪都被嘴得像不配打msi的爛隊 結果還是迎了,"[':', ' ', 'BLG', '每輪', '都', '被', '嘴', '得', '像', '不配', '打', 'msi', '的', '爛隊', ' ', '結果', '還是', '迎', '了']"
: Bin玩坦就是醜到吐,"[':', ' ', 'Bin', '玩坦', '就是', '醜到', '吐']"
: 保韓總好嗎 不然肥了有啥用,"[':', ' ', '保韓', '總好', '嗎', ' ', '不然', '肥', '了', '有', '啥', '用']"
: G2現在看起來更像是不配打得爛隊,"[':', ' ', 'G2', '現在', '看', '起來', '更', '像是', '不配', '打得爛隊']"
: Caps退化速度跟shy哥不相上下啊 都99年但已經跟待退,"[':', ' ', 'Caps', '退化', '速度', '跟', 'shy', '哥', '不相上下', '啊', ' ', '都', '99', '年', '但', '已經', '跟', '待', '退']"
: 爽啊刺啊 XD,"[':', ' ', '爽', '啊', '刺', '啊', ' ', 'XD']"
: BLG 3:1 讚,"[':', ' ', 'BLG', ' ', '3', ':', '1', ' ', '讚']"
: 好了啦 都是暫停害我大韓總不交技能,"[':', ' ', '好', '了', '啦', ' ', '都', '是', '暫', '停害', '我', '大', '韓總不交', '技能']"
: 明明不作弊也能贏 偏偏要噁心人 真是賤,"[':', ' ', '明明', '不', '作弊', '也', '能贏', ' ', '偏偏', '要', '噁', '心人', ' ', '真是', '賤']"
: 超氣的 如果沒暫停G2就要贏了說,"[':', ' ', '超氣', '的', ' ', '如果', '沒暫', '停', 'G2', '就要', '贏了', '說']"
: 不想贏啊 含總,"[':', ' ', '不想', '贏啊', ' ', '含', '總']"
: 經典,"[':', ' ', '經典']"
: 一定是暫停G2才死一片，垃圾中國隊！,"[':', ' ', '一定', '是', '暫停', 'G2', '才', '死', '一片', '，', '垃圾', '中國隊', '！']"
: 好失望，韓總打的真的爛,"[':', ' ', '好', '失望', '，', '韓總打', '的', '真的', '爛']"
: 媽的 BLG太可惡了  剛剛暫停讓現在G2下水餃,"[':', ' ', '媽的', ' ', 'BLG', '太可惡', '了', ' ', ' ', '剛剛', '暫停', '讓', '現在', 'G2', '下水', '餃']"
: 笑死小丑雄☺,"[':', ' ', '笑', '死', '小丑', '雄', '☺']"
: 韓總也太醜==,"[':', ' ', '韓總', '也', '太醜', '=', '=']"
: 一定是暫停太長 害韓總忘記自已有閃QQ,"[':', ' ', '一定', '是', '暫', '停太長', ' ', '害韓', '總忘記', '自', '已有', '閃', 'QQ']"
: blg caps,"[':', ' ', 'blg', ' ', 'caps']"
: 韓總買多少 好扯 隨便殺,"[':', ' ', '韓總買', '多少', ' ', '好', '扯', ' ', '隨便', '殺']"
: 杰西戰地記者,"[':', ' ', '杰西', '戰地', '記者']"
: 爛到笑,"[':', ' ', '爛到', '笑']"
: 都是暫停害了我們韓總QQ,"[':', ' ', '都', '是', '暫', '停害', '了', '我們', '韓總', 'QQ']"
: 這場沒啦,"[':', ' ', '這場', '沒', '啦']"
: 死的也太簡單了吧,"[':', ' ', '死', '的', '也', '太', '簡單', '了', '吧']"
: 這雙C有夠離譜的 一個被掃死 一個閃現撞牆,"[':', ' ', '這雙', 'C', '有夠', '離譜', '的', ' ', '一個', '被', '掃', '死', ' ', '一個', '閃現', '撞', '牆']"
: elk送一把，你韓總送兩把,"[':', ' ', 'elk', '送', '一把', '，', '你', '韓總送', '兩', '把']"
: AD 零輸出死亡XDDD,"[':', ' ', 'AD', ' ', '零輸出', '死亡', 'XDDD']"
: caps 趕緊退休了 菜的已經污染賽場了,"[':', ' ', 'caps', ' ', '趕緊', '退休', '了', ' ', '菜', '的', '已經', '污染', '賽場', '了']"
: 可以關了3:1下班,"[':', ' ', '可以', '關了', '3', ':', '1', '下班']"
: 確實 都是暫停拐氣害到韓總==,"[':', ' ', '確實', ' ', '都', '是', '暫停', '拐', '氣害', '到', '韓總', '=', '=']"
: 喊作弊還不快寄信給拳頭 我快笑死,"[':', ' ', '喊', '作弊', '還', '不快', '寄信', '給拳頭', ' ', '我', '快', '笑', '死']"
: 韓總超爛  之前到底怎樣吹成歐洲第一AD,"[':', ' ', '韓總超爛', ' ', ' ', '之前', '到底', '怎樣', '吹成', '歐洲', '第一', 'AD']"
: 韓總狂風吃海浪？,"[':', ' ', '韓總狂', '風', '吃', '海浪', '？']"
: 韓薩馬大招吃飽,"[':', ' ', '韓薩馬大招', '吃', '飽']"
: 韓總就這樣被射死 我真的笑爛 醜爆,"[':', ' ', '韓總', '就', '這樣', '被', '射死', ' ', '我', '真的', '笑爛', ' ', '醜爆']"
: 韓總敗掉整個系列賽 哀..,"[':', ' ', '韓總敗', '掉', '整個', '系列', '賽', ' ', '哀', '..']"
: 這大東跟銅牌一樣，這走位直接自殺,"[':', ' ', '這大東', '跟', '銅牌', '一樣', '，', '這走位', '直接', '自殺']"
: G2粉:可以重賽嗎,"[':', ' ', 'G2', '粉', ':', '可以', '重賽', '嗎']"
: 拉基AD下去囉,"[':', ' ', '拉基', 'AD', '下去', '囉']"
: 到底怎樣吹成歐洲第一ad 應該是因為他們冬季冠軍吧,"[':', ' ', '到底', '怎樣', '吹成', '歐洲', '第一', 'ad', ' ', '應該', '是', '因為', '他們', '冬季', '冠', '軍', '吧']"
: 這韓總跟Doggo一樣 入圍賽/小組賽秀被吹上天,"[':', ' ', '這韓', '總', '跟', 'Doggo', '一樣', ' ', '入', '圍賽', '/', '小組', '賽秀', '被', '吹', '上天']"
: g2粉:比賽不公！,"[':', ' ', 'g2', '粉', ':', '比賽', '不公', '！']"
: R進塔想幹嘛,"[':', ' ', 'R', '進塔想', '幹', '嘛']"
: 上場被這AD送掉，這場也差不多,"[':', ' ', '上場', '被', '這', 'AD', '送掉', '，', '這場', '也', '差不多']"
: 韓總送的很爽喔,"[':', ' ', '韓總送', '的', '很爽', '喔']"
: 上頭不能講吧,"[':', ' ', '上頭', '不能', '講吧']"
: BD,"[':', ' ', 'BD']"
: ELK太肥了  G2沒了,"[':', ' ', 'ELK', '太肥', '了', ' ', ' ', 'G2', '沒', '了']"
: CAPS終於知道BD是唯一的道路,"[':', ' ', 'CAPS', '終於', '知道', 'BD', '是', '唯一', '的', '道路']"
: G2粉:BLG作弊 這場不算,"[':', ' ', 'G2', '粉', ':', 'BLG', '作弊', ' ', '這場', '不算']"
: G2又要等ELK開送了嗎,"[':', ' ', 'G2', '又', '要', '等', 'ELK', '開送', '了', '嗎']"
: 韓總到底在抖三小,"[':', ' ', '韓總', '到底', '在', '抖', '三', '小']"
: 韓總...,"[':', ' ', '韓總', '...']"
: 這AD收多少,"[':', ' ', '這', 'AD', '收', '多少']"
: 可以先喊BLG作弊了,"[':', ' ', '可以', '先喊', 'BLG', '作弊', '了']"
: 這些人是沒打過盧娜喔,"[':', ' ', '這些', '人', '是', '沒', '打過', '盧娜', '喔']"
: 韓總 真的好強,"[':', ' ', '韓總', ' ', '真的', '好強']"
: 這傑西好爛,"[':', ' ', '這傑', '西好爛']"
: 傑西只會打炮嗎,"[':', ' ', '傑西', '只會', '打炮', '嗎']"
: 韓總真的垃圾的可怕打成這德行,"[':', ' ', '韓總', '真的', '垃圾', '的', '可怕', '打成', '這', '德行']"
: 韓總好了啦....,"[':', ' ', '韓總好', '了', '啦', '....']"
: 感覺要開2了,"[':', ' ', '感覺', '要', '開', '2', '了']"
: 韓總出國是不是都很慘啊 根本歐洲DL,"[':', ' ', '韓總', '出國', '是不是', '都', '很慘', '啊', ' ', '根本', '歐洲', 'DL']"
: 這走位真的憨,"[':', ' ', '這走位', '真的', '憨']"
: 韓總下去囉,"[':', ' ', '韓總', '下去', '囉']"
: 歐洲Doggo,"[':', ' ', '歐洲', 'Doggo']"
: 韓總是真的爛 不知道為什麼,"[':', ' ', '韓總是', '真的', '爛', ' ', '不', '知道', '為', '什麼']"
: 韓總前面幾把打的還行ㄅ,"[':', ' ', '韓總', '前面', '幾把', '打', '的', '還行', 'ㄅ']"
: 這AD場場爆線超爛,"[':', ' ', '這', 'AD', '場場', '爆線', '超爛']"
: 不管啦作弊拐氣啦 叭叭叭,"[':', ' ', '不管', '啦', '作弊', '拐氣', '啦', ' ', '叭叭', '叭']"
: 走遠了吧 這關後面怎麼處理,"[':', ' ', '走遠', '了', '吧', ' ', '這關後面', '怎麼', '處理']"
: 韓總還行wwww,"[':', ' ', '韓總', '還行', 'wwww']"
: 上一把就是韓總送掉的,"[':', ' ', '上', '一把', '就是', '韓總', '送掉', '的']"
: 盾吃好吃滿,"[':', ' ', '盾', '吃', '好吃', '滿']"
: 哪裡還行阿 靠對放夠浪送了一場 其他都是被虐的,"[':', ' ', '哪裡', '還行', '阿', ' ', '靠', '對', '放夠', '浪送', '了', '一場', ' ', '其他', '都', '是', '被', '虐', '的']"
: G2粉:餅乾確實有問題 我同意重賽,"[':', ' ', 'G2', '粉', ':', '餅乾確', '實有', '問題', ' ', '我', '同意', '重賽']"
: 上一場有一說喔最初生的的是caps 輪不到韓總,"[':', ' ', '上', '一場', '有', '一', '說', '喔', '最初', '生', '的', '的', '是', 'caps', ' ', '輪', '不到', '韓總']"
: 打線場場爆 關鍵會戰各種暴斃 這還好？,"[':', ' ', '打線', '場場', '爆', ' ', '關鍵', '會戰', '各種', '暴斃', ' ', '這還', '好', '？']"
: 傑西只會EQ就不要選好不,"[':', ' ', '傑西', '只會', 'EQ', '就', '不要', '選好', '不']"
: 這把又是火龍,"[':', ' ', '這把', '又', '是', '火龍']"
: 問題最大的是caps吧,"[':', ' ', '問題', '最大', '的', '是', 'caps', '吧']"
: caps 最噁心到的是四把了一點屁用沒有,"[':', ' ', 'caps', ' ', '最', '噁', '心到', '的', '是', '四', '把', '了', '一點', '屁用', '沒有']"
: 還輪不到 就他被親的,"[':', ' ', '還輪', '不到', ' ', '就', '他', '被親', '的']"
: 韓總第一場被隊友搞後 後面一決不振了,"[':', ' ', '韓總', '第一', '場被', '隊友', '搞', '後', ' ', '後', '面一決', '不振', '了']"
: 這傑西也是很癢,"[':', ' ', '這傑西', '也', '是', '很', '癢']"
: 所以有沒有人做懶人包啊 是怎知道on四分鐘不能吃拖,"[':', ' ', '所以', '有', '沒', '有人', '做', '懶人包', '啊', ' ', '是', '怎', '知道', 'on', '四分', '鐘', '不能', '吃', '拖']"
: caps出錯裝??,"[':', ' ', 'caps', '出錯裝', '?', '?']"
: 騙到了嗎XXD,"[':', ' ', '騙到', '了', '嗎', 'XXD']"
: 這兩隊ad不是比爛的嗎,"[':', ' ', '這兩隊', 'ad', '不是', '比爛', '的', '嗎']"
: Caps確實最爛沒錯,"[':', ' ', 'Caps', '確實', '最爛', '沒錯']"
: 這AD讓ELK看起來像神一樣,"[':', ' ', '這', 'AD', '讓', 'ELK', '看起', '來', '像', '神一樣']"
: 到六分鐘喊啊 剛掛著看小說 只隱約聽到zod講一點==,"[':', ' ', '到', '六分', '鐘喊', '啊', ' ', '剛掛', '著', '看', '小', '說', ' ', '只', '隱約', '聽', '到', 'zod', '講一點', '=', '=']"
: 爽啦  BLG要贏了 屌打EU,"[':', ' ', '爽', '啦', ' ', ' ', 'BLG', '要贏', '了', ' ', '屌', '打', 'EU']"
: 今年打完CAPS能退役了吧 也太爛了,"[':', ' ', '今年', '打完', 'CAPS', '能', '退役', '了', '吧', ' ', '也', '太爛', '了']"
: 敗也韓總成也…好像也不是韓總,"[':', ' ', '敗', '也', '韓總成', '也', '…', '好像', '也', '不是', '韓總']"
: caps 那安妮給個正常人玩隨便贏得上一場,"[':', ' ', 'caps', ' ', '那', '安妮', '給個', '正常人', '玩', '隨便', '贏得', '上', '一場']"
: 哀看Caps變這樣真的難過，他也都不笑了,"[':', ' ', '哀看', 'Caps', '變', '這樣', '真的', '難過', '，', '他', '也', '都', '不', '笑', '了']"
: 不用爭了 整隊只有打野想贏而已,"[':', ' ', '不用', '爭', '了', ' ', '整隊', '只有', '打野', '想贏', '而已']"
: 88888888888888888888,"[':', ' ', '88888888888888888888']"
: gg,"[':', ' ', 'gg']"
: 被射爆了QQ,"[':', ' ', '被', '射', '爆', '了', 'QQ']"
: GG 應該沒了,"[':', ' ', 'GG', ' ', '應該', '沒', '了']"
: g2沒了,"[':', ' ', 'g2', '沒', '了']"
: 這要還能翻 BLG游回去吧,"[':', ' ', '這要', '還能', '翻', ' ', 'BLG', '游回去', '吧']"
: G2又輸一波團了   那個暫停真的害人不淺!,"[':', ' ', 'G2', '又', '輸', '一波團', '了', ' ', ' ', ' ', '那個', '暫停', '真的', '害人', '不淺', '!']"
: 韓總 CAPS怎麼又死了阿,"[':', ' ', '韓總', ' ', 'CAPS', '怎麼', '又', '死', '了', '阿']"
: 餅乾有問題啦==重賽好嗎,"[':', ' ', '餅乾有', '問題', '啦', '=', '=', '重賽', '好', '嗎']"
: 沒囉 虐菜場,"[':', ' ', '沒', '囉', ' ', '虐菜場']"
: 幹  要開2了,"[':', ' ', '幹', ' ', ' ', '要開', '2', '了']"
: 被射爛,"[':', ' ', '被', '射爛']"
: 乾 再皮阿 幹嘛硬打,"[':', ' ', '乾', ' ', '再皮', '阿', ' ', '幹嘛', '硬打']"
: 傑西真的只會EQ,"[':', ' ', '傑西', '真的', '只會', 'EQ']"
: 8888888,"[':', ' ', '8888888']"
: 也好 省的看太晚 早點結束也好,"[':', ' ', '也好', ' ', '省', '的', '看', '太晚', ' ', '早點', '結束', '也好']"
: 放假嘍,"[':', ' ', '放假', '嘍']"
: G2輸上一場本來就沒機會了,"[':', ' ', 'G2', '輸上', '一場', '本來', '就', '沒', '機會', '了']"
: 唉G2好爛QQ,"[':', ' ', '唉', 'G2', '好爛', 'QQ']"
: 被打爛,"[':', ' ', '被', '打爛']"
: 作弊賽區 ZZ,"[':', ' ', '作弊', '賽區', ' ', 'ZZ']"
: 沒啦 韓總戳兩場,"[':', ' ', '沒', '啦', ' ', '韓總', '戳', '兩場']"
: 好難看,"[':', ' ', '好難', '看']"
: Biscuit Lost Gaming,"[':', ' ', 'Biscuit', ' ', 'Lost', ' ', 'Gaming']"
: 能不能重賽阿,"[':', ' ', '能', '不能', '重賽', '阿']"
: 輸了，caps好爛,"[':', ' ', '輸', '了', '，', 'caps', '好爛']"
: 啊現在打團就比較爛還要去接團 昏了,"[':', ' ', '啊', '現在', '打團', '就', '比', '較爛', '還要', '去', '接團', ' ', '昏', '了']"
: 沒了 繼續扣閃回去慢慢按,"[':', ' ', '沒', '了', ' ', '繼續', '扣', '閃', '回去', '慢慢', '按']"
: 又是垃圾時間了,"[':', ' ', '又', '是', '垃圾', '時間', '了']"
: 好了啦伊拉克不送了 沒翻盤點了,"[':', ' ', '好', '了', '啦', '伊拉克', '不送', '了', ' ', '沒翻', '盤點', '了']"
: ELK很愛狂風上前 給他一個上前容易秒人的,"[':', ' ', 'ELK', '很愛狂', '風', '上前', ' ', '給他', '一個', '上前', '容易', '秒', '人', '的']"
: 韓粉：BLG作弊,"[':', ' ', '韓粉', '：', 'BLG', '作弊']"
: 笑死 一個金人把g2技能全騙光,"[':', ' ', '笑', '死', ' ', '一個', '金人', '把', 'g2', '技能', '全騙', '光']"
: elk 7,"[':', ' ', 'elk', ' ', '7']"
: G2都優勢全被AD送掉，那個自殺太離譜,"[':', ' ', 'G2', '都', '優勢', '全', '被', 'AD', '送掉', '，', '那個', '自殺', '太離', '譜']"
: G2是不是要趕快同意重賽,"[':', ' ', 'G2', '是不是', '要', '趕快', '同意', '重賽']"
: 除非BLG自己戳爆，送幸福,"[':', ' ', '除非', 'BLG', '自己', '戳', '爆', '，', '送', '幸福']"
: 歐美趕快滾吧 醜死了,"[':', ' ', '歐美', '趕快', '滾', '吧', ' ', '醜死', '了']"
: 這閃現尾刀ㄟ xun那個閃是不用交的吧,"[':', ' ', '這閃現', '尾刀', 'ㄟ', ' ', 'xun', '那個', '閃', '是', '不用', '交', '的', '吧']"
: 送爽爽笑死 萬無一失,"[':', ' ', '送', '爽爽', '笑', '死', ' ', '萬無一失']"
: Caps爛成這樣U寶還打不贏zzz,"[':', ' ', 'Caps', '爛成', '這樣', 'U', '寶還', '打不贏', 'zzz']"
: 爛死了 這屆還沒看過那麼爛的黑甲欸,"[':', ' ', '爛死', '了', ' ', '這屆', '還沒', '看過', '那麼爛', '的', '黑甲', '欸']"
: 可憐 被打穿,"[':', ' ', '可憐', ' ', '被', '打', '穿']"
: 作弊賽區 嘔嘔嘔嘔嘔,"[':', ' ', '作弊', '賽區', ' ', '嘔嘔', '嘔', '嘔', '嘔']"
: BLG:看起來不用暫停也能贏 多慮了,"[':', ' ', 'BLG', ':', '看起', '來', '不用', '暫停', '也', '能贏', ' ', '多慮', '了']"
: 路西恩這麽肥怎不放龍 可惜了,"[':', ' ', '路西', '恩', '這', '麽', '肥', '怎不放龍', ' ', '可惜', '了']"
: 一定是餅乾不能吃害G2輸的,"[':', ' ', '一定', '是', '餅乾', '不能', '吃害', 'G2', '輸', '的']"
: G2打一打失智了,"[':', ' ', 'G2', '打', '一打', '失智', '了']"
: 沒了 不可能翻 恭喜LPL  揚威LPL  輕鬆晉級!!!,"[':', ' ', '沒', '了', ' ', '不', '可能', '翻', ' ', '恭喜', 'LPL', ' ', ' ', '揚威', 'LPL', ' ', ' ', '輕', '鬆', '晉', '級', '!', '!', '!']"
: 超爛….腳色超不熟悉,"[':', ' ', '超爛', '…', '.', '腳色', '超', '不', '熟悉']"
: Caps真的太爛了...牙膏已經很爛了但他突破下限,"[':', ' ', 'Caps', '真的', '太爛', '了', '...', '牙膏', '已經', '很爛', '了', '但', '他', '突破', '下限']"
: BLG暫停戰術已經成功了,"[':', ' ', 'BLG', '暫停', '戰術', '已經', '成功', '了']"
: 懶,"[':', ' ', '懶']"
: 很會滑,"[':', ' ', '很會', '滑']"
: 看來G2就走到這了 中韓外唯一希望QQ,"[':', ' ', '看來', 'G2', '就', '走', '到', '這了', ' ', '中', '韓外', '唯一', '希望', 'QQ']"
: Caps 爛到笑,"[':', ' ', 'Caps', ' ', '爛到', '笑']"
: craps超爛,"[':', ' ', 'craps', '超爛']"
: ?????為什麼會在那邊被抓,"[':', ' ', '?', '?', '?', '?', '?', '為', '什麼', '會', '在', '那邊', '被', '抓']"
: CAPS?????,"[':', ' ', 'CAPS', '?', '?', '?', '?', '?']"
: 好悶 暫停那麼久回來是虐殺局==,"[':', ' ', '好悶', ' ', '暫停', '那麼', '久', '回來', '是', '虐', '殺局', '=', '=']"
: Caps到底= =,"[':', ' ', 'Caps', '到底', '=', ' ', '=']"
: BLG的MVP是韓總,"[':', ' ', 'BLG', '的', 'MVP', '是', '韓總']"
: 韓沙馬有夠廢 趕快滾回家吧,"[':', ' ', '韓沙馬', '有夠', '廢', ' ', '趕快', '滾', '回家吧']"
: Cap…,"[':', ' ', 'Cap', '…']"
: 輸給餅乾QQ,"[':', ' ', '輸給餅', '乾', 'QQ']"
: G2太爛了吧 加油點啊 我想看第5場啊,"[':', ' ', 'G2', '太爛', '了', '吧', ' ', '加油', '點啊', ' ', '我', '想', '看', '第', '5', '場啊']"
: Caps怎麼可以這麼爛RRRRR,"[':', ' ', 'Caps', '怎麼', '可以', '這麼爛', 'RRRRR']"
: Caps為什麼可以那麼爛,"[':', ' ', 'Caps', '為', '什麼', '可以', '那麼爛']"
: 好啦 最後還是中韓四隊,"[':', ' ', '好', '啦', ' ', '最後還', '是', '中', '韓四隊']"
: caps 在那邊回家到底什麼意思 ==,"[':', ' ', 'caps', ' ', '在', '那邊', '回家', '到底', '什麼', '意思', ' ', '=', '=']"
: 要雷幾場,"[':', ' ', '要雷', '幾場']"
: 盧仙好滑啊,"[':', ' ', '盧仙', '好', '滑', '啊']"
: 又懶,"[':', ' ', '又', '懶']"
: Caps到底是啥廢物，在那邊回城,"[':', ' ', 'Caps', '到底', '是', '啥', '廢物', '，', '在', '那邊', '回城']"
: 廢到笑欸,"[':', ' ', '廢到', '笑', '欸']"
: 我以為MVP是 BLG韓總,"[':', ' ', '我', '以', '為', 'MVP', '是', ' ', 'BLG', '韓總']"
: 退化到不忍直視欸,"[':', ' ', '退化', '到', '不忍', '直視', '欸']"
: 中輔下都不行,"[':', ' ', '中輔', '下', '都', '不行']"
: 醜到爆,"[':', ' ', '醜到', '爆']"
: g2這雙c超級爛,"[':', ' ', 'g2', '這雙', 'c', '超級爛']"
: caps 真的爛的沒有下限的那種太誇張了,"[':', ' ', 'caps', ' ', '真的', '爛的', '沒有', '下限', '的', '那種', '太', '誇張', '了']"
: 現在G2粉是不是希望重賽阿 嘻嘻 阿應該都是寄生的,"[':', ' ', '現在', 'G2', '粉', '是不是', '希望', '重賽', '阿', ' ', '嘻嘻', ' ', '阿應', '該', '都', '是', '寄生', '的']"
: 只要不要依賴上野開團 BLG還是碾壓的,"[':', ' ', '只要', '不要', '依賴', '上野', '開團', ' ', 'BLG', '還是', '碾壓', '的']"
: 一套技能半血 怎打,"[':', ' ', '一套', '技能', '半血', ' ', '怎打']"
: 虐,"[':', ' ', '虐']"
: 歐美最後希望就這樣沒了.........,"[':', ' ', '歐美', '最', '後', '希望', '就', '這樣', '沒', '了', '.........']"
: 浪費大家時間,"[':', ' ', '浪費', '大家', '時間']"
: caps快退役吧,"[':', ' ', 'caps', '快', '退役', '吧']"
: 賽前早一堆人說 G2撿到一局極限了 正常發揮,"[':', ' ', '賽前', '早', '一堆', '人', '說', ' ', 'G2', '撿', '到', '一局', '極限', '了', ' ', '正常', '發揮']"
: 火龍魂可以恭喜blg了,"[':', ' ', '火龍魂', '可以', '恭喜', 'blg', '了']"
: G2這雙C真的對不起隊友努力,"[':', ' ', 'G2', '這雙', 'C', '真的', '對', '不起', '隊友', '努力']"
: Craps跟Hans Chan輪流搶著背鍋,"[':', ' ', 'Craps', '跟', 'Hans', ' ', 'Chan', '輪流', '搶', '著', '背鍋']"
: G2雙C都很爛,"[':', ' ', 'G2', '雙', 'C', '都', '很爛']"
: 活該== 上一把沒把握住,"[':', ' ', '活該', '=', '=', ' ', '上', '一把', '沒', '把握住']"
: 中下打這麼爛 其實早該贏了 要不是ELK上上場滑上去,"[':', ' ', '中下', '打', '這麼爛', ' ', '其實', '早', '該贏', '了', ' ', '要不是', 'ELK', '上', '上場', '滑上去']"
: 笑牙膏爛 結果CAPS更沒有下限,"[':', ' ', '笑', '牙膏', '爛', ' ', '結果', 'CAPS', '更', '沒', '有', '下限']"
: BLG正義必勝 3:1 萬無一失,"[':', ' ', 'BLG', '正義必勝', ' ', '3', ':', '1', ' ', '萬無一失']"
: 上一場要贏的也是雙c在搞,"[':', ' ', '上', '一場', '要贏', '的', '也', '是雙', 'c', '在', '搞']"
: G2 ban露露 放魯娜  選大東  是什麼邏輯,"[':', ' ', 'G2', ' ', 'ban', '露露', ' ', '放魯娜', ' ', ' ', '選大東', ' ', ' ', '是', '什麼', '邏輯']"
: 上把真的活該,"[':', ' ', '上', '把', '真的', '活該']"
: 好啦 EU就是比較爛啊  實力說話 揚威LPL!!,"[':', ' ', '好', '啦', ' ', 'EU', '就是', '比', '較爛', '啊', ' ', ' ', '實力', '說', '話', ' ', '揚威', 'LPL', '!', '!']"
: 韓總前兩把還行.Caps是爛整個系列,"[':', ' ', '韓總前', '兩', '把', '還行', '.', 'Caps', '是爛', '整個', '系列']"
: caps 這操作怎麼有臉拿老黑啊，老高給斷劍阿,"[':', ' ', 'caps', ' ', '這', '操作', '怎麼', '有', '臉', '拿', '老', '黑', '啊', '，', '老高', '給斷', '劍', '阿']"
: G2的雙C都是垃圾，其他三人還有亮點,"[':', ' ', 'G2', '的雙', 'C', '都', '是', '垃圾', '，', '其他', '三人', '還有', '亮點']"
: Caps就是你想的到的比賽的垃圾操作全占了，然後團戰,"[':', ' ', 'Caps', '就是', '你', '想', '的', '到', '的', '比賽', '的', '垃圾', '操作', '全占', '了', '，', '然後團戰']"
: 牙膏是真的爛 BLG上去也是被3：0,"[':', ' ', '牙膏', '是', '真的', '爛', ' ', 'BLG', '上去', '也', '是', '被', '3', '：', '0']"
: 作弊賽區豚開始把大家都歸類G2粉囉,"[':', ' ', '作弊', '賽區豚', '開始', '把', '大家', '都', '歸類', 'G2', '粉', '囉']"
: 真慘 BLG已經很爛了 結果歐美真的沒一隊能贏== 輸就,"[':', ' ', '真慘', ' ', 'BLG', '已經', '很爛', '了', ' ', '結果', '歐美', '真的', '沒一隊', '能贏', '=', '=', ' ', '輸', '就']"
: 這場輸了最好阿~還有藉口 賺,"[':', ' ', '這場', '輸', '了', '最好', '阿', '~', '還有', '藉口', ' ', '賺']"
: 撿到一把ELK發瘋 其他幾把雙C真的爛,"[':', ' ', '撿', '到', '一把', 'ELK', '發瘋', ' ', '其他', '幾把雙', 'C', '真的', '爛']"
: caps這幾場的噁心程度快超越Ubao了,"[':', ' ', 'caps', '這幾場', '的', '噁', '心', '程度', '快', '超越', 'Ubao', '了']"
: 牙膏爛也是因為對上左手 打打外卡夠了好嗎,"[':', ' ', '牙膏', '爛', '也', '是', '因為', '對', '上', '左手', ' ', '打打', '外卡', '夠了', '好', '嗎']"
: 這個BO5也爛到沒了,"[':', ' ', '這個', 'BO5', '也', '爛到', '沒', '了']"
: 算了 還都是虐殺局,"[':', ' ', '算了', ' ', '還都', '是', '虐', '殺局']"
: 還是期待C9 瘋一下好了==.,"[':', ' ', '還是', '期待', 'C9', ' ', '瘋', '一下', '好', '了', '=', '=', '.']"
: 上一場也是雙C在搞，被抓又送頭,"[':', ' ', '上', '一場', '也', '是雙', 'C', '在', '搞', '，', '被', '抓', '又', '送頭']"
: 直接蒸發,"[':', ' ', '直接', '蒸發']"
: 牙膏從季後賽爛到現在 打打CAPS還是輕鬆,"[':', ' ', '牙膏', '從', '季後賽', '爛到', '現在', ' ', '打打', 'CAPS', '還是', '輕', '鬆']"
: 韓總真的廢到爆,"[':', ' ', '韓總', '真的', '廢到', '爆']"
: caps到底有屁用,"[':', ' ', 'caps', '到底', '有', '屁用']"
: 打的贏李哥跟chovy喔 牙膏 別鬧了 老哥,"[':', ' ', '打', '的', '贏李哥', '跟', 'chovy', '喔', ' ', '牙膏', ' ', '別鬧', '了', ' ', '老哥']"
: 能準備睡囉,"[':', ' ', '能', '準備', '睡', '囉']"
: 換上路發病,"[':', ' ', '換', '上路', '發病']"
: Caps和韓總令人失望,"[':', ' ', 'Caps', '和', '韓總', '令人', '失望']"
: 牙膏這幾場也很爛好不好啥叫遇到左手才爛,"[':', ' ', '牙膏', '這幾場', '也', '很爛', '好不好', '啥', '叫', '遇到', '左手', '才爛']"
: Elk重拾信心,"[':', ' ', 'Elk', '重拾', '信心']"
: MSI最爛黑甲確定,"[':', ' ', 'MSI', '最爛', '黑甲', '確定']"
: 兩場關鍵會戰 韓總 操作跟銀牌一樣,"[':', ' ', '兩場', '關鍵', '會戰', ' ', '韓總', ' ', '操作', '跟', '銀牌', '一樣']"
: G2雙C看起來很不想贏,"[':', ' ', 'G2', '雙', 'C', '看起', '來', '很', '不想', '贏']"
: 這黑甲這邊隨便一個人去玩都差不多,"[':', ' ', '這黑甲', '這邊', '隨便', '一個', '人', '去', '玩', '都', '差不多']"
: 好爽  這就是LPL!!!,"[':', ' ', '好爽', ' ', ' ', '這', '就是', 'LPL', '!', '!', '!']"
: ELK的打法都不會被懲罰到，反倒韓總 差低,"[':', ' ', 'ELK', '的', '打法', '都', '不會', '被', '懲罰', '到', '，', '反倒', '韓總', ' ', '差低']"
: G2這雙C有啥用，對線爛，團戰場場暴斃,"[':', ' ', 'G2', '這雙', 'C', '有', '啥', '用', '，', '對線爛', '，', '團戰場場', '暴斃']"
: 打LEC平時還是得好好打的，春季賽亂玩說世界賽才能,"[':', ' ', '打', 'LEC', '平時', '還是', '得', '好好', '打', '的', '，', '春季', '賽亂', '玩', '說', '世界', '賽', '才能']"
: 扣閃到最後,"[':', ' ', '扣閃到', '最', '後']"
: Faker的黑甲跟Caps的黑甲就是兩個不同角色......,"[':', ' ', 'Faker', '的', '黑甲', '跟', 'Caps', '的', '黑甲', '就是', '兩個', '不同', '角色', '......']"
: chovy還真的挺難講的,"[':', ' ', 'chovy', '還', '真的', '挺', '難講', '的']"
: 拿頭不敢點 沒優勢直接隱身,"[':', ' ', '拿頭', '不敢', '點', ' ', '沒', '優勢', '直接', '隱身']"
: 這JC完全沒用,"[':', ' ', '這', 'JC', '完全', '沒用']"
: 放路娜就沒想到自己人送到肥，然後一直打不會贏的團,"[':', ' ', '放路娜', '就', '沒', '想到', '自己', '人', '送到', '肥', '，', '然', '後', '一直', '打不會', '贏的團']"
: 讓我認真，然後幾乎是打出MSI中路下限中的下限,"[':', ' ', '讓', '我', '認真', '，', '然後幾乎', '是', '打出', 'MSI', '中路', '下限', '中', '的', '下限']"
: 空==,"[':', ' ', '空', '=', '=']"
: 有人空大阿  笑死,"[':', ' ', '有人', '空大', '阿', ' ', ' ', '笑', '死']"
: 空,"[':', ' ', '空']"
: Faker的卡桑蒂玩起來跟路西恩一樣,"[':', ' ', 'Faker', '的', '卡桑', '蒂', '玩', '起來', '跟', '路西', '恩一樣']"
: 剪爛,"[':', ' ', '剪爛']"
: 沒了,"[':', ' ', '沒', '了']"
: 這波BIN好強,"[':', ' ', '這波', 'BIN', '好強']"
: GG,"[':', ' ', 'GG']"
: GGGGGGGGGGGGGGGGGGGGGGGGGGGGGGG,"[':', ' ', 'GGGGGGGGGGGGGGGGGGGGGGGGGGGGGGG']"
: 抓到也沒用 其他太痛了,"[':', ' ', '抓到', '也', '沒用', ' ', '其他', '太痛', '了']"
: 韓總空大真的好爛,"[':', ' ', '韓總空', '大', '真的', '好爛']"
: 媽的 爛尾,"[':', ' ', '媽的', ' ', '爛尾']"
: zod:傑西很猛傑西很猛 下一秒被關三殺==,"[':', ' ', 'zod', ':', '傑西', '很', '猛傑西', '很', '猛', ' ', '下', '一秒', '被', '關三殺', '=', '=']"
: 韓總這兩把玩得像個CAPS一樣==,"[':', ' ', '韓總', '這兩', '把玩', '得', '像', '個', 'CAPS', '一樣', '=', '=']"
: GG好可惜,"[':', ' ', 'GG', '好', '可惜']"
: 剪剪,"[':', ' ', '剪剪']"
: 已經開很好了 關這時候處理不了,"[':', ' ', '已經開', '很', '好', '了', ' ', '關這時候', '處理', '不了']"
: BLG晉級!!!!!!!!!!我們是四強!!!!!!!!!!!!!!!!!!,"[':', ' ', 'BLG', '晉級', '!', '!', '!', '!', '!', '!', '!', '!', '!', '!', '我們', '是', '四強', '!', '!', '!', '!', '!', '!', '!', '!', '!', '!', '!', '!', '!', '!', '!', '!', '!', '!']"
: 88,"[':', ' ', '88']"
: 大東的大絕真的這麼難中嗎,"[':', ' ', '大東', '的', '大絕', '真的', '這麼', '難', '中', '嗎']"
: 第四場 G2雙C不想贏,"[':', ' ', '第四', '場', ' ', 'G2', '雙', 'C', '不想', '贏']"
: J4好爛,"[':', ' ', 'J4', '好爛']"
: 韓總超級爛,"[':', ' ', '韓總', '超級爛']"
: GG  裝差太多了,"[':', ' ', 'GG', ' ', ' ', '裝差', '太多', '了']"
: BIN出手了 遊戲結束,"[':', ' ', 'BIN', '出手', '了', ' ', '遊戲', '結束']"
: 剪剪,"[':', ' ', '剪剪']"
: 怎麼沒有第五把 哭啊,"[':', ' ', '怎麼', '沒有', '第五', '把', ' ', '哭', '啊']"
: 傑西根本就不熟悉,"[':', ' ', '傑西', '根本', '就', '不', '熟悉']"
: 空大......,"[':', ' ', '空大', '......']"
: 大東還空大，你到底有用屁用,"[':', ' ', '大東', '還空大', '，', '你', '到底', '有用', '屁用']"
: 爛死 作弊有夠爛的,"[':', ' ', '爛死', ' ', '作弊', '有', '夠爛', '的']"
: 韓總玩太爛了，布朗母也沒啥用,"[':', ' ', '韓總玩太爛', '了', '，', '布朗', '母', '也', '沒', '啥', '用']"
: QQ,"[':', ' ', 'QQ']"
: G2到底為啥能選個這麼糞的陣容,"[':', ' ', 'G2', '到底', '為', '啥', '能', '選個', '這麼', '糞', '的', '陣容']"
: BIN最後終於出手,"[':', ' ', 'BIN', '最後終', '於', '出手']"
: 正義必勝 哈哈哈哈哈,"[':', ' ', '正義必勝', ' ', '哈哈哈', '哈哈']"
: 拐氣成功 被韓國虐爛吧,"[':', ' ', '拐氣', '成功', ' ', '被', '韓國', '虐爛', '吧']"
: 憋了很久還是空,"[':', ' ', '憋', '了', '很', '久', '還是', '空']"
: 韓總空 ELK也是各種空 大東大絕是不是不用點,"[':', ' ', '韓總空', ' ', 'ELK', '也', '是', '各種', '空', ' ', '大東大絕', '是不是', '不用', '點']"
: 雖然caps很爛 但是AD差距差很大XDDD,"[':', ' ', '雖然', 'caps', '很爛', ' ', '但是', 'AD', '差距', '差', '很大', 'XDDD']"
: 但上去也就是被Gg打爛而已,"[':', ' ', '但', '上去', '也', '就是', '被', 'Gg', '打爛', '而已']"
: 無所謂,"[':', ' ', '無所謂']"
: 第三把沒贏真的活該,"[':', ' ', '第三', '把', '沒贏', '真的', '活該']"
: 明明能車 幹嘛暫停 噁心,"[':', ' ', '明明', '能車', ' ', '幹嘛', '暫停', ' ', '噁', '心']"
: 爛死xd,"[':', ' ', '爛死', 'xd']"
: 黑甲一個輔助都殺不掉笑死,"[':', ' ', '黑甲', '一個', '輔助', '都', '殺', '不', '掉', '笑', '死']"
: 韓總這bo真的爛,"[':', ' ', '韓總', '這', 'bo', '真的', '爛']"
: 快滾吧,"[':', ' ', '快', '滾', '吧']"
: 牙膏打外卡也很畜好吧,"[':', ' ', '牙膏', '打', '外卡', '也', '很', '畜好', '吧']"
: 爛啊 歐洲也就這樣了,"[':', ' ', '爛', '啊', ' ', '歐洲', '也', '就', '這樣', '了']"
: G2活該，有問題還不選重開,"[':', ' ', 'G2', '活該', '，', '有', '問題', '還不選', '重開']"
: 哈哈  一定都是BLG餅乾不能吃害G2輸的,"[':', ' ', '哈哈', ' ', ' ', '一定', '都', '是', 'BLG', '餅乾', '不能', '吃害', 'G2', '輸', '的']"
: Caps好好反省吧，就算打LEC也要拚冠軍保持狀態啊,"[':', ' ', 'Caps', '好好', '反省', '吧', '，', '就算', '打', 'LEC', '也', '要', '拚', '冠', '軍', '保持', '狀態', '啊']"
: 還是被虐,"[':', ' ', '還是', '被', '虐']"
: 就暫停被斷節奏,"[':', ' ', '就', '暫停', '被', '斷節', '奏']"
: ELK讓了一場 算是給地主隊一點面子了,"[':', ' ', 'ELK', '讓', '了', '一場', ' ', '算是', '給', '地主', '隊一點', '面子', '了']"
: 四強是LPL跟LCK 史上第一次嗎?,"[':', ' ', '四強', '是', 'LPL', '跟', 'LCK', ' ', '史上', '第一次', '嗎', '?']"
: 好了啦 趕快去寄生別隊了,"[':', ' ', '好', '了', '啦', ' ', '趕快', '去', '寄生', '別隊', '了']"
: 明天拿身家壓GenG 媽的作弊下去,"[':', ' ', '明天', '拿', '身家', '壓', 'GenG', ' ', '媽的', '作弊', '下去']"
: 韓總是不是讓一個閃 ㄏㄏ,"[':', ' ', '韓總', '是不是', '讓', '一個', '閃', ' ', 'ㄏ', 'ㄏ']"
: 達瑞斯金人 韓總扣閃 真的菜雞,"[':', ' ', '達', '瑞斯', '金', '人', ' ', '韓總扣', '閃', ' ', '真的', '菜雞']"
: CAPS真的醜到給狗幹 就他的黑甲看起來特別軟,"[':', ' ', 'CAPS', '真的', '醜到', '給狗', '幹', ' ', '就', '他', '的', '黑甲', '看', '起來', '特別', '軟']"
: 不會真有人認為沒那暫停G2就能贏吧,"[':', ' ', '不會', '真', '有人', '認為', '沒', '那', '暫停', 'G2', '就', '能贏', '吧']"
: 看了好幾場 真正有BUG的應該是大東的R不是餅乾,"[':', ' ', '看', '了', '好', '幾場', ' ', '真正', '有', 'BUG', '的', '應該', '是', '大東', '的', 'R', '不是', '餅乾']"
: Let's go G2 可以回家啦,"[':', ' ', 'Let', ""'"", 's', ' ', 'go', ' ', 'G2', ' ', '可以', '回家', '啦']"
: 好了啦LPL粉真的都噁到爛 出去被車撞一撞,"[':', ' ', '好', '了', '啦', 'LPL', '粉', '真的', '都', '噁', '到爛', ' ', '出去', '被車', '撞', '一撞']"
: 今年歐美真的特別爛,"[':', ' ', '今年', '歐美', '真的', '特別爛']"
: 沒事 還有C9 最後希望,"[':', ' ', '沒事', ' ', '還有', 'C9', ' ', '最', '後', '希望']"
: 一到世界賽狀態完全維持不了，太慘了,"[':', ' ', '一到', '世界', '賽狀態', '完全', '維持', '不了', '，', '太慘', '了']"
: 路西恩肥成那鬼樣子不管哪個坦看起來都很軟,"[':', ' ', '路西', '恩肥成', '那', '鬼', '樣子', '不管', '哪個', '坦看', '起來', '都', '很', '軟']"
: 歐洲掰掰~~~,"[':', ' ', '歐洲', '掰掰', '~', '~', '~']"
: 拿到一分還是靠人送的,"[':', ' ', '拿到', '一分', '還是', '靠', '人', '送', '的']"
: G2真的活該 笑死 以為自己優勢開局 還敢酸餅乾啊,"[':', ' ', 'G2', '真的', '活該', ' ', '笑', '死', ' ', '以為', '自己', '優勢', '開局', ' ', '還敢', '酸餅', '乾', '啊']"
: 我看到牙膏選冰女 就覺得BLG要贏了,"[':', ' ', '我', '看到', '牙膏', '選冰女', ' ', '就', '覺得', 'BLG', '要贏', '了']"
: 連詛咒人都出來了耶 LPL黑好可怕,"[':', ' ', '連詛咒', '人', '都', '出來', '了', '耶', ' ', 'LPL', '黑好', '可怕']"
: 輸不起的作弊賽區7414,"[':', ' ', '輸不起', '的', '作弊', '賽區', '7414']"
: 今天早上好像有篇文說韓總屌打elk的,"[':', ' ', '今天', '早上', '好像', '有篇文', '說', '韓總', '屌', '打', 'elk', '的']"
: 目前最爛的黑甲---caps,"[':', ' ', '目前', '最爛', '的', '黑甲', '---', 'caps']"
: C9還想打贏GENG啊 這個作夢都沒想到,"[':', ' ', 'C9', '還想', '打贏', 'GENG', '啊', ' ', '這個', '作夢', '都', '沒', '想到']"
: 這場跟caps也沒啥關係吧 AD直接被對位爆了,"[':', ' ', '這場', '跟', 'caps', '也', '沒', '啥關', '係', '吧', ' ', 'AD', '直接', '被', '對位', '爆', '了']"
: 很多時候路西恩根本沒在點黑甲好不好,"[':', ' ', '很多', '時候', '路西', '恩', '根本', '沒在點', '黑甲', '好不好']"
: 打完可以吃餅乾了吧 老哥,"[':', ' ', '打', '完', '可以', '吃餅', '乾', '了', '吧', ' ', '老哥']"
: G2 怎麼變這麼爛....,"[':', ' ', 'G2', ' ', '怎麼', '變', '這麼爛', '....']"
: 還是希望G2能調整好世界賽回來吧QQ,"[':', ' ', '還是', '希望', 'G2', '能調', '整好', '世界', '賽回', '來', '吧', 'QQ']"
: Elk也是爛啦 不用這樣比,"[':', ' ', 'Elk', '也', '是爛', '啦', ' ', '不用', '這樣', '比']"
: C9撐得過30分都算他贏,"[':', ' ', 'C9', '撐得過', '30', '分都算', '他贏']"
: 然後hans的閃是不是要留著閃回家,"[':', ' ', '然', '後', 'hans', '的', '閃', '是不是', '要', '留著', '閃', '回家']"
: 有人也太臭太可怕 多崩潰阿==,"[':', ' ', '有人', '也', '太', '臭', '太', '可怕', ' ', '多崩潰', '阿', '=', '=']"
: 承認把 blg這麼醜,"[':', ' ', '承認', '把', ' ', 'blg', '這麼醜']"
: LPL黑反社會人格暴露光了 好可怕,"[':', ' ', 'LPL', '黑反', '社會', '人格', '暴露', '光', '了', ' ', '好', '可怕']"
: 這G2怎感覺比KT還爛,"[':', ' ', '這', 'G2', '怎感覺', '比', 'KT', '還爛']"
: G2被屌虐是關你啥事啊 氣到要詛咒別人,"[':', ' ', 'G2', '被', '屌', '虐是關', '你', '啥事', '啊', ' ', '氣到', '要', '詛咒', '別人']"
: Caps真的退化很嚴重…太令人失望,"[':', ' ', 'Caps', '真的', '退化', '很', '嚴重', '…', '太', '令人', '失望']"
: 這局跟Caps無關 可是這bo跟他有關 他打太爛了,"[':', ' ', '這局', '跟', 'Caps', '無關', ' ', '可是', '這', 'bo', '跟', '他', '有關', ' ', '他', '打太爛', '了']"
: 還是屌虐中韓以外的隊伍,"[':', ' ', '還是', '屌', '虐', '中韓', '以外', '的', '隊伍']"
: Caps根本戳整個系列賽…,"[':', ' ', 'Caps', '根本', '戳', '整個', '系列', '賽', '…']"
: 等等送ON餅乾吃到飽,"[':', ' ', '等等', '送', 'ON', '餅乾', '吃', '到', '飽']"
: GENG大概會把BLG虐過去了 BLG這次MSI真的好菜,"[':', ' ', 'GENG', '大概', '會', '把', 'BLG', '虐過', '去', '了', ' ', 'BLG', '這次', 'MSI', '真的', '好菜']"
: 那確實 我想不到安妮繞後那波太抽象了,"[':', ' ', '那', '確實', ' ', '我', '想不到', '安妮', '繞', '後', '那波', '太', '抽象', '了']"
: 因為寄生G2結果沒贏中國結果要粉絲去被車撞,"[':', ' ', '因為', '寄生', 'G2', '結果', '沒贏', '中國', '結果', '要', '粉絲', '去', '被', '車撞']"
: 人身攻擊的素質可見一斑,"[':', ' ', '人身', '攻擊', '的', '素質', '可見', '一斑']"
: 這把BP就直接虐了==,"[':', ' ', '這把', 'BP', '就', '直接', '虐', '了', '=', '=']"
: 素質真的很好,"[':', ' ', '素質', '真的', '很', '好']"
: chovy會把牙膏打到自閉,"[':', ' ', 'chovy', '會', '把', '牙膏', '打到', '自閉']"
: 可以被歐美各偷到一場 還有些場贏的那麼抖,"[':', ' ', '可以', '被', '歐美', '各', '偷', '到', '一場', ' ', '還', '有些', '場贏', '的', '那麼', '抖']"
: 要寄生也是寄生LCK阿 比較有機會 寄生G2幹嘛阿,"[':', ' ', '要', '寄生', '也', '是', '寄生', 'LCK', '阿', ' ', '比較', '有', '機會', ' ', '寄生', 'G2', '幹嘛', '阿']"
: 選JC就知道G2教練組多沒料 連宙斯都沒拿,"[':', ' ', '選', 'JC', '就', '知道', 'G2', '教練', '組多', '沒料', ' ', '連', '宙斯', '都', '沒', '拿']"
: 我看你每一串不也都在嘲諷人?,"[':', ' ', '我', '看', '你', '每', '一串', '不', '也', '都', '在', '嘲諷', '人', '?']"
: 打jdg往前送打g2也往前送 跟韓總扣閃半斤八兩,"[':', ' ', '打', 'jdg', '往前', '送', '打', 'g2', '也', '往前', '送', ' ', '跟', '韓總扣', '閃', '半斤', '八兩']"
: 誰會寄生G2 有病嗎= =,"[':', ' ', '誰', '會', '寄生', 'G2', ' ', '有病', '嗎', '=', ' ', '=']"
: BLG問題一堆的隊伍終究保底四強,"[':', ' ', 'BLG', '問題', '一堆', '的', '隊伍', '終究', '保底', '四強']"
: BLG一定打不贏GenG的 各線都那麼醜,"[':', ' ', 'BLG', '一定', '打不贏', 'GenG', '的', ' ', '各線', '都', '那麼醜']"
: 我剛剛就說過了 BLG上去被韓國隊虐比較有話題,"[':', ' ', '我', '剛剛', '就', '說過', '了', ' ', 'BLG', '上去', '被', '韓國隊', '虐', '比', '較', '有', '話題']"
: 笑死，一個暫停收到兩隻LPL黑進桶，好像很賺耶,"[':', ' ', '笑', '死', '，', '一個', '暫停', '收到', '兩', '隻', 'LPL', '黑進', '桶', '，', '好像', '很', '賺', '耶']"
: 怎麼會有人覺得 會有人寄生歐美...,"[':', ' ', '怎麼', '會', '有人', '覺得', ' ', '會', '有人', '寄生', '歐美', '...']"
: 其他隊真的很爛,"[':', ' ', '其他', '隊', '真的', '很爛']"
: gen不用寄生啦 拿冠軍都不意外的,"[':', ' ', 'gen', '不用', '寄生', '啦', ' ', '拿冠', '軍', '都', '不', '意外', '的']"
: 爽啦   LPL就是強  揚威LPL  我們是四強!!,"[':', ' ', '爽', '啦', ' ', ' ', ' ', 'LPL', '就是', '強', ' ', ' ', '揚威', 'LPL', ' ', ' ', '我們', '是', '四強', '!', '!']"
: BLG看就知道打不贏GEN啦,"[':', ' ', 'BLG', '看', '就', '知道', '打不贏', 'GEN', '啦']"
: 笑死 看個比賽而已 怎麼能氣成這樣,"[':', ' ', '笑', '死', ' ', '看個', '比賽', '而已', ' ', '怎麼', '能', '氣成', '這樣']"
: 怎麼會有人期待G2打贏呢 當然要交給LCK虐爛才好,"[':', ' ', '怎麼', '會', '有人', '期待', 'G2', '打贏', '呢', ' ', '當然', '要', '交給', 'LCK', '虐爛', '才', '好']"
: 老哥不用詛咒別人欸，讓LPL粉嗨完這最後一天不好ㄇ,"[':', ' ', '老哥', '不用', '詛咒', '別人', '欸', '，', '讓', 'LPL', '粉', '嗨', '完', '這最', '後', '一天', '不好', 'ㄇ']"
: BLG大概1%全員開上限能偷到GENG一場吧,"[':', ' ', 'BLG', '大概', '1%', '全員開', '上限', '能', '偷', '到', 'GENG', '一場', '吧']"
: GENG是韓國#1欸 BLG打不贏也不丟臉啊,"[':', ' ', 'GENG', '是', '韓國', '#', '1', '欸', ' ', 'BLG', '打不贏', '也', '不', '丟臉', '啊']"
: 今天的推文為啥這麼火爆= =,"[':', ' ', '今天', '的', '推文為', '啥', '這麼', '火爆', '=', ' ', '=']"
: zod沒班了？,"[':', ' ', 'zod', '沒班', '了', '？']"
: 睡覺睡覺,"[':', ' ', '睡覺', '睡覺']"
: blg這個白癡內容真的是上去等輸的,"[':', ' ', 'blg', '這個', '白', '癡', '內容', '真的', '是', '上去', '等', '輸', '的']"
: 牙膏開上限應該也打不贏Chovyy,"[':', ' ', '牙膏', '開', '上限', '應該', '也', '打', '不贏', 'Chovyy']"
: 先不要奶geng  geng有時候不知道為什麼怪怪的,"[':', ' ', '先', '不要', '奶', 'geng', ' ', ' ', 'geng', '有', '時候', '不', '知道', '為', '什麼', '怪怪的']"
: 因為blg喊了個暫停啊 雖然不影響結果,"[':', ' ', '因為', 'blg', '喊', '了', '個', '暫停', '啊', ' ', '雖然', '不', '影響', '結果']"
: 笑死 乖乖在賽事文嘴不要  釣到一堆人,"[':', ' ', '笑', '死', ' ', '乖乖', '在', '賽事', '文嘴', '不要', ' ', ' ', '釣到', '一堆', '人']"
: ZOD說JDG四件頭沒破綻,"[':', ' ', 'ZOD', '說', 'JDG', '四件', '頭沒破', '綻']"
: 不過好像也不好說 BLG季後賽每個系列賽都很抖還是打,"[':', ' ', '不過', '好像', '也', '不好', '說', ' ', 'BLG', '季後賽', '每個', '系列', '賽', '都', '很', '抖', '還是', '打']"
": ""打得非常好"" ""非常強""","[':', ' ', '""', '打', '得', '非常', '好', '""', ' ', '""', '非常', '強', '""']"
: 但那個時間那樣喊實在有點沒運動家精神,"[':', ' ', '但', '那個', '時間', '那樣', '喊實', '在', '有點', '沒運動家', '精神']"
: 這麼有這麼多小丑自己崩潰了,"[':', ' ', '這麼', '有', '這麼', '多', '小丑', '自己', '崩潰', '了']"
: BLG應該跟RNG差不多黑，蠻多人期待被車過去的,"[':', ' ', 'BLG', '應該', '跟', 'RNG', '差不多', '黑', '，', '蠻多人', '期待', '被', '車過', '去', '的']"
: 好了啦 Fanatio 當初就你期待歐美可以打贏LPL,"[':', ' ', '好', '了', '啦', ' ', 'Fanatio', ' ', '當初', '就', '你', '期待', '歐美', '可以', '打贏', 'LPL']"
: 到冠亞,"[':', ' ', '到', '冠亞']"
: 完了Zoe奶了京東,"[':', ' ', '完', '了', 'Zoe', '奶', '了', '京東']"
: Zod  剛打錯,"[':', ' ', 'Zod', ' ', ' ', '剛打錯']"
: 還說要拔票給其他賽區,"[':', ' ', '還說', '要', '拔票給', '其他', '賽區']"
: BLG打到這就是符合期望了 被GenG車也還好,"[':', ' ', 'BLG', '打到', '這', '就是', '符合', '期望', '了', ' ', '被', 'GenG', '車也', '還好']"
: 當初期待 跟現在階段的認為 哪裡有差??,"[':', ' ', '當', '初期', '待', ' ', '跟現', '在', '階段', '的', '認為', ' ', '哪裡', '有', '差', '?', '?']"
: 為啥LPL的主持衣服都那麼醜,"[':', ' ', '為', '啥', 'LPL', '的', '主持', '衣服', '都', '那麼醜']"
: gen能模仿七成jdg的打法應該就可以過blg了,"[':', ' ', 'gen', '能', '模仿', '七成', 'jdg', '的', '打法', '應該', '就', '可以', '過', 'blg', '了']"
: 不知道捏 一堆人反中反到CLG,"[':', ' ', '不', '知道', '捏', ' ', '一堆', '人', '反中', '反到', 'CLG']"
: luv二號啊 整天做夢歐美外卡能贏LPL 還活在去年TES,"[':', ' ', 'luv', '二號', '啊', ' ', '整天', '做', '夢', '歐美', '外卡', '能贏', 'LPL', ' ', '還活', '在', '去年', 'TES']"
:  blg及格了 可以下去  geng穩了,"[':', ' ', ' ', 'blg', '及格', '了', ' ', '可以', '下去', ' ', ' ', 'geng', '穩', '了']"
: 有人滿好笑的 根本沒預測一定贏 期望也可以被提,"[':', ' ', '有人', '滿', '好笑', '的', ' ', '根本', '沒', '預測', '一定', '贏', ' ', '期望', '也', '可以', '被', '提']"
: blg屌虐eu已經合格，剩下沒他們的事了,"[':', ' ', 'blg', '屌', '虐', 'eu', '已經', '合格', '，', '剩下', '沒', '他們', '的', '事', '了']"
: 被淘汰的人 被越南抓一場=要砍門票 邏輯滿分,"[':', ' ', '被', '淘汰', '的', '人', ' ', '被', '越南', '抓一場', '=', '要', '砍', '門票', ' ', '邏輯', '滿分']"
: 其實打到現在完全符合預期吧 中韓四強,"[':', ' ', '其實', '打到', '現在', '完全符合', '預期', '吧', ' ', '中', '韓四強']"
: 確實 BLG只能到這  要是WBG TES我還能期待冠亞,"[':', ' ', '確實', ' ', 'BLG', '只能', '到', '這', ' ', ' ', '要是', 'WBG', ' ', 'TES', '我', '還能', '期待', '冠亞']"
: on不拿可以開的輔助的時候全隊打得非常掙扎,"[':', ' ', 'on', '不', '拿', '可以', '開', '的', '輔助', '的', '時候', '全隊', '打得', '非常', '掙扎']"
: GENG還要模仿啥 直接就過了吧,"[':', ' ', 'GENG', '還要', '模仿', '啥', ' ', '直接', '就過', '了', '吧']"
: 再來的關鍵是四件頭跟非決賽的T1吧,"[':', ' ', '再來', '的', '關鍵', '是', '四件', '頭跟非', '決賽', '的', 'T1', '吧']"
: 又來==,"[':', ' ', '又', '來', '=', '=']"
: 沒有bo1就不要期待甚麼水鬼啦實力決定一切,"[':', ' ', '沒有', 'bo1', '就', '不要', '期待', '甚麼', '水鬼', '啦', '實力', '決定', '一切']"
: 熊哥 可以預測一下GEN跟BLG的比數嗎,"[':', ' ', '熊哥', ' ', '可以', '預測', '一下', 'GEN', '跟', 'BLG', '的', '比數', '嗎']"
: 要不是hans犯罪搞不好今天晉級的是G2,"[':', ' ', '要不是', 'hans', '犯罪', '搞不好', '今天', '晉級', '的', '是', 'G2']"
: 被GenG虐有啥嗎  #1贏不了#2才該檢討吧,"[':', ' ', '被', 'GenG', '虐有', '啥', '嗎', ' ', ' ', '#', '1', '贏', '不了', '#', '2', '才', '該', '檢討', '吧']"
: G2是歐美裡 拿到2場中韓賽區的 該鼓勵了==,"[':', ' ', 'G2', '是', '歐美裡', ' ', '拿到', '2', '場中', '韓賽區', '的', ' ', '該', '鼓勵', '了', '=', '=']"
: 他這次英文好順喔,"[':', ' ', '他', '這次', '英文', '好順', '喔']"
: very 豆腐,"[':', ' ', 'very', ' ', '豆腐']"
: 英文大師上線中,"[':', ' ', '英文', '大師', '上線', '中']"
: 和上次比,"[':', ' ', '和', '上次', '比']"
: 幹嘛讓彬哥講英文= =,"[':', ' ', '幹嘛', '讓', '彬', '哥講', '英文', '=', ' ', '=']"
: 唉唷不錯喔可以去NA撈錢了,"[':', ' ', '唉', '唷', '不錯', '喔', '可以', '去', 'NA', '撈', '錢', '了']"
: 這次有進步==,"[':', ' ', '這次', '有', '進步', '=', '=']"
: 使狀威爾,"[':', ' ', '使狀', '威爾']"
: BLG今天全靠ON 夠頂,"[':', ' ', 'BLG', '今天', '全靠', 'ON', ' ', '夠頂']"
: bin要求的吧,"[':', ' ', 'bin', '要求', '的', '吧']"
: 所有人跟中國都沒人認為BLG可以贏GEN吧,"[':', ' ', '所有人', '跟', '中國', '都', '沒人', '認為', 'BLG', '可以', '贏', 'GEN', '吧']"
: 現在就看t1 jdg geng了吧 blg盡力了,"[':', ' ', '現在', '就', '看', 't1', ' ', 'jdg', ' ', 'geng', '了', '吧', ' ', 'blg', '盡力', '了']"
: Laure釣魚王,"[':', ' ', 'Laure', '釣魚', '王']"
: 幹笑死 非常豆腐,"[':', ' ', '幹笑', '死', ' ', '非常', '豆腐']"
: 請問為何LPL第二名的隊伍狀況都不太穩啊,"[':', ' ', '請', '問為何', 'LPL', '第二名', '的', '隊伍', '狀況', '都', '不太穩', '啊']"
: ㄜ BIN會英文喔,"[':', ' ', 'ㄜ', ' ', 'BIN', '會', '英文', '喔']"
: 中國人的G真的發音很妙……,"[':', ' ', '中國人', '的', 'G', '真的', '發音', '很妙', '…', '…']"
: 公開處刑,"[':', ' ', '公開', '處刑']"
: BIN英文很順耶,"[':', ' ', 'BIN', '英文', '很順', '耶']"
: 我也一直聽到豆腐,"[':', ' ', '我', '也', '一直', '聽到', '豆腐']"
: 別幻想了 歐美的訓練量 不可能贏中韓,"[':', ' ', '別', '幻想', '了', ' ', '歐', '美的', '訓練量', ' ', '不', '可能', '贏中韓']"
: 首先吹起來,"[':', ' ', '首先', '吹起', '來']"
: XD,"[':', ' ', 'XD']"
: 但他說的豆腐是啥,"[':', ' ', '但', '他', '說', '的', '豆腐', '是', '啥']"
: tough吧,"[':', ' ', 'tough', '吧']"
: 蠻順的耶 只是有口音==,"[':', ' ', '蠻順', '的', '耶', ' ', '只是', '有', '口音', '=', '=']"
: tough,"[':', ' ', 'tough']"
: 硬,"[':', ' ', '硬']"
: 不是== 是有誰需要寄生G2的 講話動個腦好嗎,"[':', ' ', '不是', '=', '=', ' ', '是', '有', '誰', '需要', '寄生', 'G2', '的', ' ', '講話', '動個', '腦好', '嗎']"
: tough,"[':', ' ', 'tough']"
: bin說他花時間學了所以想用英文受訪的樣子，效果先,"[':', ' ', 'bin', '說', '他', '花', '時間', '學', '了', '所以', '想', '用', '英文', '受訪', '的', '樣子', '，', '效果', '先']"
: tough吧,"[':', ' ', 'tough', '吧']"
: tough,"[':', ' ', 'tough']"
: 翻譯的衣服怎麼看起來舊舊的,"[':', ' ', '翻譯', '的', '衣服', '怎麼', '看', '起來', '舊', '舊', '的']"
: 居然聽不懂,"[':', ' ', '居然', '聽', '不', '懂']"
: 傻眼XD,"[':', ' ', '傻眼', 'XD']"
: BLG超話也大致覺得可以了 上去就是被打爆,"[':', ' ', 'BLG', '超話', '也', '大致', '覺得', '可以', '了', ' ', '上去', '就是', '被', '打爆']"
: tough吧 什麼豆腐 XDD,"[':', ' ', 'tough', '吧', ' ', '什麼', '豆腐', ' ', 'XDD']"
: 不說勇氣滿分,"[':', ' ', '不說', '勇氣', '滿分']"
: .....我還以為是梗XDDDDDD,"[':', ' ', '.....', '我', '還以', '為', '是', '梗', 'XDDDDDD']"
: 靠我剛剛還在想豆腐是什麼 你們也太厲害,"[':', ' ', '靠', '我', '剛剛', '還在', '想', '豆腐', '是', '什麼', ' ', '你們', '也', '太', '厲害']"
: 比左手講中文好懂,"[':', ' ', '比', '左手', '講', '中文', '好', '懂']"
: 他應該是想講tough啦,"[':', ' ', '他', '應該', '是', '想講', 'tough', '啦']"
: 有點口音,"[':', ' ', '有點', '口音']"
: TOUGH我也聽成豆腐,"[':', ' ', 'TOUGH', '我', '也', '聽成', '豆腐']"
: BLG勝算不大 不過今年季後賽讓我想到去年的DRX 搞不,"[':', ' ', 'BLG', '勝算', '不大', ' ', '不過', '今年', '季後賽', '讓', '我', '想到', '去年', '的', 'DRX', ' ', '搞', '不']"
: 我想吃麻婆豆腐,"[':', ' ', '我', '想', '吃', '麻婆豆腐']"
: 別要求太多哈哈,"[':', ' ', '別', '要求', '太', '多', '哈哈']"
: 好還真的那麼一點點點點的機會爆冷,"[':', ' ', '好還', '真的', '那麼', '一點', '點點點', '的', '機會', '爆冷']"
: LPL台Bin秀英文太好笑了,"[':', ' ', 'LPL', '台', 'Bin', '秀', '英文', '太', '好笑', '了']"
: DRX 你覺得ELK是Deft嗎,"[':', ' ', 'DRX', ' ', '你', '覺得', 'ELK', '是', 'Deft', '嗎']"
: BLG 頂多就到這了,"[':', ' ', 'BLG', ' ', '頂多', '就', '到', '這了']"
: 還不錯啊,"[':', ' ', '還不錯', '啊']"
: 我看每年都有隊伍搞笑，但是又會回穩打出實力,"[':', ' ', '我', '看', '每年', '都', '有', '隊伍', '搞笑', '，', '但是', '又', '會', '回穩', '打出', '實力']"
: 我覺得BLG打T1跟JDG都沒機會 可是打Gen有機會,"[':', ' ', '我覺', '得', 'BLG', '打', 'T1', '跟', 'JDG', '都', '沒', '機會', ' ', '可是', '打', 'Gen', '有', '機會']"
: 敢說就滿分了語言最怕只學不說的人,"[':', ' ', '敢', '說', '就', '滿分', '了', '語言', '最怕', '只學', '不', '說', '的', '人']"
: 牙膏的狀態對上 Chovy連BLG超話裡都覺得沒啥期望了X,"[':', ' ', '牙膏', '的', '狀態', '對', '上', ' ', 'Chovy', '連', 'BLG', '超話裡', '都', '覺得', '沒', '啥', '期望', '了', 'X']"
: 沒練坦 有練英文 這樣要鼓勵嗎,"[':', ' ', '沒練坦', ' ', '有練', '英文', ' ', '這樣', '要', '鼓勵', '嗎']"
: ON連體重都贏不了道士 好嗎,"[':', ' ', 'ON', '連體', '重都贏', '不了', '道士', ' ', '好', '嗎']"
: 今年lpl真的好強.....jdg搞不好全部3：0拿冠軍,"[':', ' ', '今年', 'lpl', '真的', '好強', '.....', 'jdg', '搞不好', '全部', '3', '：', '0', '拿冠', '軍']"
: 敢說就很厲害了==現場一堆人,"[':', ' ', '敢', '說', '就', '很', '厲害', '了', '=', '=', '現場', '一堆', '人']"
: 期待BLG贏GenG不就跟期待G2贏BLG一樣荒謬嗎,"[':', ' ', '期待', 'BLG', '贏', 'GenG', '不', '就', '跟', '期待', 'G2', '贏', 'BLG', '一樣', '荒謬', '嗎']"
: 好噁心，ON那波八成血 旁邊ad半血都不吃餅乾了,"[':', ' ', '好', '噁', '心', '，', 'ON', '那波', '八成', '血', ' ', '旁邊', 'ad', '半血', '都', '不吃', '餅乾', '了']"
: ELK不發癲的話我是覺得比去年DEFT強很多,"[':', ' ', 'ELK', '不發癲', '的', '話', '我', '是', '覺得', '比', '去年', 'DEFT', '強', '很多']"
": 他可以""突然""發現餅乾不能吃","[':', ' ', '他', '可以', '""', '突然', '""', '發現', '餅乾', '不能', '吃']"
: G2曾經有機會阿 被自己玩掉的不是嗎,"[':', ' ', 'G2', '曾經', '有', '機會', '阿', ' ', '被', '自己', '玩掉', '的', '不是', '嗎']"
: 看小組賽內容G2確實有機會啊 GENG喔 明天你看看C9,"[':', ' ', '看小組賽', '內容', 'G2', '確實', '有', '機會', '啊', ' ', 'GENG', '喔', ' ', '明天', '你', '看看', 'C9']"
: 我覺得BLG開上限有機會偷GENG一場，要贏BO5幾乎不,"[':', ' ', '我覺', '得', 'BLG', '開', '上限', '有', '機會', '偷', 'GENG', '一場', '，', '要贏', 'BO5', '幾乎', '不']"
: ELK比去年羊駝強???,"[':', ' ', 'ELK', '比', '去年', '羊駝強', '?', '?', '?']"
: 太可能,"[':', ' ', '太', '可能']"
: 竟然有人可以說ELK比羊駝強耶 那Ruler怎麼辦,"[':', ' ', '竟然', '有人', '可以', '說', 'ELK', '比羊駝', '強耶', ' ', '那', 'Ruler', '怎麼', '辦']"
: 好了啦 別再hopium好嗎,"[':', ' ', '好', '了', '啦', ' ', '別', '再', 'hopium', '好', '嗎']"
: 到底怎麼覺得的 笑死,"[':', ' ', '到底', '怎麼', '覺得', '的', ' ', '笑', '死']"
: Ruler沒到完全可以贏去年羊駝耶,"[':', ' ', 'Ruler', '沒到', '完全', '可以', '贏', '去年', '羊駝', '耶']"
: peyz很強 blg沒機會的,"[':', ' ', 'peyz', '很強', ' ', 'blg', '沒機會', '的']"
: elk比deft強 笑了,"[':', ' ', 'elk', '比', 'deft', '強', ' ', '笑', '了']"
: peyz比姑媽還強好嗎,"[':', ' ', 'peyz', '比姑媽', '還強', '好', '嗎']"
: 他應該沒看去年世界賽吧,"[':', ' ', '他', '應該', '沒', '看', '去年', '世界', '賽', '吧']"
: ELK比羊駝強 要吹也不是這樣蝦雞巴吹欸,"[':', ' ', 'ELK', '比羊', '駝強', ' ', '要', '吹', '也', '不是', '這樣', '蝦', '雞巴', '吹', '欸']"
: 活在幻想內的假設就別拿出來搞笑了,"[':', ' ', '活在', '幻想', '內', '的', '假設', '就', '別', '拿出', '來', '搞笑', '了']"
: 拿elk比deft 真的是看deft沒有欸,"[':', ' ', '拿', 'elk', '比', 'deft', ' ', '真的', '是', '看', 'deft', '沒有', '欸']"
: 今年看LOL比賽吧 直接壓過去年羊駝,"[':', ' ', '今年', '看', 'LOL', '比賽', '吧', ' ', '直接', '壓過', '去年', '羊駝']"
: 今年deft超爛沒問題一隻腳踏在退休的墳墓裡了,"[':', ' ', '今年', 'deft', '超爛', '沒', '問題', '一', '隻', '腳', '踏', '在', '退休', '的', '墳', '墓裡', '了']"
: ELK有去年羊駝實力 一定能從JDG手上偷到一場,"[':', ' ', 'ELK', '有', '去年', '羊駝', '實力', ' ', '一定', '能', '從', 'JDG', '手上', '偷到', '一場']"
: 他說去年羊駝啊 超誇張,"[':', ' ', '他', '說', '去年', '羊駝', '啊', ' ', '超誇張']"
: ㄜ BLG唯一有可能贏的 只有上路吧 如果多蘭沒酒桶,"[':', ' ', 'ㄜ', ' ', 'BLG', '唯一', '有', '可能', '贏的', ' ', '只有', '上路', '吧', ' ', '如果', '多蘭', '沒', '酒桶']"
: elk臉贏羊駝啦 可以嗎,"[':', ' ', 'elk', '臉贏', '羊駝', '啦', ' ', '可以', '嗎']"
: 今年Deft哪有打很差 打的爛的是中野那兩隻吧,"[':', ' ', '今年', 'Deft', '哪有', '打', '很', '差', ' ', '打的爛', '的', '是', '中野', '那', '兩', '隻', '吧']"
: 369不是沒覺得多蘭很爛嗎 多蘭就看當天狀態,"[':', ' ', '369', '不是', '沒覺', '得', '多蘭', '很爛', '嗎', ' ', '多蘭', '就', '看', '當天', '狀態']"
: 然後看花生耍不耍白癡,"[':', ' ', '然後看', '花生', '耍', '不', '耍', '白', '癡']"
: 多蘭狀態好 可能就把T1拉下來,"[':', ' ', '多蘭', '狀態', '好', ' ', '可能', '就', '把', 'T1', '拉下', '來']"
: 今年DK成績不好 但Deft狀態沒有很差好嗎 連Peyz都說,"[':', ' ', '今年', 'DK', '成績', '不好', ' ', '但', 'Deft', '狀態', '沒', '有', '很', '差', '好', '嗎', ' ', '連', 'Peyz', '都', '說']"
: 對線最怕遇到Deft 因為很難打,"[':', ' ', '對線', '最怕', '遇到', 'Deft', ' ', '因為', '很', '難', '打']"
: 感覺elk整個系列賽都不在狀態,"[':', ' ', '感覺', 'elk', '整個', '系列', '賽', '都', '不', '在', '狀態']"
: 其實雖然ZOD很毒  但韓總的幾個閃都沒交很怪,"[':', ' ', '其實', '雖然', 'ZOD', '很毒', ' ', ' ', '但', '韓總', '的', '幾個', '閃', '都', '沒交', '很', '怪']"
: 今天就是看ELK 韓總誰更會犯病,"[':', ' ', '今天', '就是', '看', 'ELK', ' ', '韓總', '誰', '更會', '犯病']"
: geng關鍵是花生不是多蘭好嗎 多蘭明明很扛,"[':', ' ', 'geng', '關鍵', '是', '花生', '不是', '多蘭好', '嗎', ' ', '多蘭', '明明', '很', '扛']"
: 怎麼會有人說Deft今年超爛 沒看比賽吧,"[':', ' ', '怎麼', '會', '有人', '說', 'Deft', '今年', '超爛', ' ', '沒看', '比賽', '吧']"
: 今年DK是以往最強的中野輪流在戳的，Deft打的算不,"[':', ' ', '今年', 'DK', '是', '以往', '最強', '的', '中野', '輪流', '在', '戳', '的', '，', 'Deft', '打', '的', '算', '不']"
: 錯了,"[':', ' ', '錯', '了']"
: 駝今年真的還可以吧,"[':', ' ', '駝', '今年', '真的', '還', '可以', '吧']"
: 可是季後賽就是駝戳掉的,"[':', ' ', '可是', '季後賽', '就是', '駝', '戳', '掉', '的']"
