date,title,url
12/05,[影音][NMIXX ] 221205 聖誕節前和NMIIXX一起玩?,https://www.ptt.cc/bbs/JYPnation/M.1670231238.A.BBA.html
12/05,[影音][NMIXX ] 221205 VLIVE,https://www.ptt.cc/bbs/JYPnation/M.1670234894.A.F40.html
12/10,[影音][  SK  ] 221206 SKZ-TALKER Ep.52,https://www.ptt.cc/bbs/JYPnation/M.1670655665.A.AFE.html
12/10,[影音][  SK  ] 221209 I.N 的撲通LOG,https://www.ptt.cc/bbs/JYPnation/M.1670656914.A.C1E.html
12/13,"[影音][ JYPE ] 221213 2022 MAMA BEHIND (SK, NMIXX)",https://www.ptt.cc/bbs/JYPnation/M.1670939217.A.D0B.html
12/13,[情報][  SK  ] SKZ-REPLAY 12/21 發行,https://www.ptt.cc/bbs/JYPnation/M.1670944982.A.FFA.html
12/14,"[影音][ JYPE ] 221213 2022 AAA (SK, NiziU, NMIXX)",https://www.ptt.cc/bbs/JYPnation/M.1671020885.A.D7C.html
12/15,[影音][NMIXX ] Funky Glitter Christmas錄音花,https://www.ptt.cc/bbs/JYPnation/M.1671094892.A.BCC.html
12/15,[情報][  SK  ] <SKZ-REPLAY> TRACK LIST,https://www.ptt.cc/bbs/JYPnation/M.1671117959.A.DF1.html
12/16,"[影音][ JYPE ] 2022 KBS 歌謠大祝祭 (SK, NMIXX)",https://www.ptt.cc/bbs/JYPnation/M.1671180036.A.0E6.html
12/16,[影音][NiziU ] 221214『Blue Moon』UNBOXING,https://www.ptt.cc/bbs/JYPnation/M.1671192527.A.ED3.html
12/16,[影音][NiziU ] 221216「Blue Moon」guide Video,https://www.ptt.cc/bbs/JYPnation/M.1671192674.A.3D6.html
12/16,[影音][NiziU ] 221216 THE FIRST TAKE,https://www.ptt.cc/bbs/JYPnation/M.1671195639.A.D1D.html
12/18,[影音][ JYPE ] 221217 tvN 華莎秀 E01,https://www.ptt.cc/bbs/JYPnation/M.1671335137.A.667.html
12/18,[影音][NiziU ] 電影版哆啦A夢預告 主題曲 Paradise,https://www.ptt.cc/bbs/JYPnation/M.1671369432.A.02B.html
12/20,[影音][NMIXX ] 221220 2022 MAMA AWARDS 花絮,https://www.ptt.cc/bbs/JYPnation/M.1671527507.A.7DF.html
12/20,[影音][  SK  ] 221220 SKZ-TALKER Ep.53,https://www.ptt.cc/bbs/JYPnation/M.1671542483.A.8E6.html
12/20,"[影音][ JYPE ] 221220 2022 MAMA BEHIND (SK, NiziU)",https://www.ptt.cc/bbs/JYPnation/M.1671547365.A.74C.html
12/21,[影音][  SK  ] SKZ - REPLAY,https://www.ptt.cc/bbs/JYPnation/M.1671615791.A.F7C.html
12/21,[影音][NMIXX ] 221221 MY FIRST MAMA,https://www.ptt.cc/bbs/JYPnation/M.1671616892.A.B64.html
